video_id,title,publishedAt,channelId,channelTitle,categoryId,trending_date,tags,view_count,likes,dislikes,comment_count,thumbnail_link,comments_disabled,ratings_disabled,description
3,title 0,publishedAt,channelId,channelTitle,22,2022-01-28T00:00:00Z,sad,2399,5000000,dislikes,comment_count,thumbnail_link,comments_disabled,ratings_disabled,description
29,title 1,publishedAt,channelId,channelTitle,18,2022-10-24T00:00:00Z,funny,2844,61520,dislikes,comment_count,thumbnail_link,comments_disabled,ratings_disabled,description
43,title 2,publishedAt,channelId,channelTitle,38,2022-09-06T00:00:00Z,reallyfunny,18521,2097112,dislikes,comment_count,thumbnail_link,comments_disabled,ratings_disabled,description
55,title 3,publishedAt,channelId,channelTitle,41,2021-12-04T00:00:00Z,reallyfunny,18621,3335123,dislikes,comment_count,thumbnail_link,comments_disabled,ratings_disabled,description
50,title 4,publishedAt,channelId,channelTitle,35,2022-07-13T00:00:00Z,funny,17725,3365785,dislikes,comment_count,thumbnail_link,comments_disabled,ratings_disabled,description
42,title 5,publishedAt,channelId,channelTitle,24,2022-08-24T00:00:00Z,reallyfunny,1123,3062755,dislikes,comment_count,thumbnail_link,comments_disabled,ratings_disabled,description
58,title 6,publishedAt,channelId,channelTitle,23,2022-10-02T00:00:00Z,funny,13702,1965121,dislikes,comment_count,thumbnail_link,comments_disabled,ratings_disabled,description
11,title 7,publishedAt,channelId,channelTitle,15,2022-04-23T00:00:00Z,funny,8883,3326697,dislikes,comment_count,thumbnail_link,comments_disabled,ratings_disabled,description
23,title 8,publishedAt,channelId,channelTitle,31,2021-12-16T00:00:00Z,funny,12573,1575720,dislikes,comment_count,thumbnail_link,comments_disabled,ratings_disabled,description
51,title 9,publishedAt,channelId,channelTitle,35,2022-09-07T00:00:00Z,reallyfunny,10098,3431909,dislikes,comment_count,thumbnail_link,comments_disabled,ratings_disabled,description
17,title 10,publishedAt,channelId,channelTitle,38,2022-04-11T00:00:00Z,sad,13106,2452916,dislikes,comment_count,thumbnail_link,comments_disabled,ratings_disabled,description
11,title 11,publishedAt,channelId,channelTitle,15,2022-02-07T00:00:00Z,funny,11612,3394625,dislikes,comment_count,thumbnail_link,comments_disabled,ratings_disabled,description
37,title 12,publishedAt,channelId,channelTitle,28,2022-09-14T00:00:00Z,funny,16194,1043769,dislikes,comment_count,thumbnail_link,comments_disabled,ratings_disabled,description
45,title 13,publishedAt,channelId,channelTitle,22,2022-01-26T00:00:00Z,reallyfunny,16496,1483159,dislikes,comment_count,thumbnail_link,comments_disabled,ratings_disabled,description
48,title 14,publishedAt,channelId,channelTitle,24,2022-08-09T00:00:00Z,reallyfunny,16037,2732034,dislikes,comment_count,thumbnail_link,comments_disabled,ratings_disabled,description
0,title 15,publishedAt,channelId,channelTitle,34,2021-12-08T00:00:00Z,funny,3992,463293,dislikes,comment_count,thumbnail_link,comments_disabled,ratings_disabled,description
52,title 16,publishedAt,channelId,channelTitle,20,2022-02-03T00:00:00Z,sad,3762,3718824,dislikes,comment_count,thumbnail_link,comments_disabled,ratings_disabled,description
15,title 17,publishedAt,channelId,channelTitle,23,2022-05-14T00:00:00Z,sad,6958,1771955,dislikes,comment_count,thumbnail_link,comments_disabled,ratings_disabled,description
9,title 18,publishedAt,channelId,channelTitle,19,2021-12-19T00:00:00Z,sad,8832,3861084,dislikes,comment_count,thumbnail_link,comments_disabled,ratings_disabled,description
27,title 19,publishedAt,channelId,channelTitle,17,2022-05-10T00:00:00Z,reallyfunny,6380,1324413,dislikes,comment_count,thumbnail_link,comments_disabled,ratings_disabled,description
41,title 20,publishedAt,channelId,channelTitle,21,2021-12-01T00:00:00Z,sad,18598,564025,dislikes,comment_count,thumbnail_link,comments_disabled,ratings_disabled,description
58,title 21,publishedAt,channelId,channelTitle,39,2022-02-18T00:00:00Z,sad,7378,2761391,dislikes,comment_count,thumbnail_link,comments_disabled,ratings_disabled,description
4,title 22,publishedAt,channelId,channelTitle,21,2021-12-18T00:00:00Z,sad,10038,306547,dislikes,comment_count,thumbnail_link,comments_disabled,ratings_disabled,description
39,title 23,publishedAt,channelId,channelTitle,44,2022-03-07T00:00:00Z,funny,6519,3877420,dislikes,comment_count,thumbnail_link,comments_disabled,ratings_disabled,description
21,title 24,publishedAt,channelId,channelTitle,27,2022-06-23T00:00:00Z,sad,18835,1671604,dislikes,comment_count,thumbnail_link,comments_disabled,ratings_disabled,description
58,title 25,publishedAt,channelId,channelTitle,24,2022-06-04T00:00:00Z,reallyfunny,15204,2520062,dislikes,comment_count,thumbnail_link,comments_disabled,ratings_disabled,description
22,title 26,publishedAt,channelId,channelTitle,34,2022-10-26T00:00:00Z,sad,5526,1382078,dislikes,comment_count,thumbnail_link,comments_disabled,ratings_disabled,description
35,title 27,publishedAt,channelId,channelTitle,34,2022-05-28T00:00:00Z,funny,1207,639210,dislikes,comment_count,thumbnail_link,comments_disabled,ratings_disabled,description
8,title 28,publishedAt,channelId,channelTitle,23,2022-04-09T00:00:00Z,funny,12647,1157411,dislikes,comment_count,thumbnail_link,comments_disabled,ratings_disabled,description
21,title 29,publishedAt,channelId,channelTitle,2,2022-03-15T00:00:00Z,funny,279,1423798,dislikes,comment_count,thumbnail_link,comments_disabled,ratings_disabled,description
20,title 30,publishedAt,channelId,channelTitle,17,2022-03-19T00:00:00Z,sad,11192,123315,dislikes,comment_count,thumbnail_link,comments_disabled,ratings_disabled,description
5,title 31,publishedAt,channelId,channelTitle,26,2022-07-02T00:00:00Z,reallyfunny,3974,2008768,dislikes,comment_count,thumbnail_link,comments_disabled,ratings_disabled,description
7,title 32,publishedAt,channelId,channelTitle,34,2022-10-04T00:00:00Z,sad,3516,3164987,dislikes,comment_count,thumbnail_link,comments_disabled,ratings_disabled,description
31,title 33,publishedAt,channelId,channelTitle,31,2022-02-06T00:00:00Z,sad,13719,650648,dislikes,comment_count,thumbnail_link,comments_disabled,ratings_disabled,description
49,title 34,publishedAt,channelId,channelTitle,15,2022-10-14T00:00:00Z,sad,1157,1600654,dislikes,comment_count,thumbnail_link,comments_disabled,ratings_disabled,description
5,title 35,publishedAt,channelId,channelTitle,1,2022-10-16T00:00:00Z,funny,16028,1519338,dislikes,comment_count,thumbnail_link,comments_disabled,ratings_disabled,description
24,title 36,publishedAt,channelId,channelTitle,27,2022-04-05T00:00:00Z,funny,3934,2107409,dislikes,comment_count,thumbnail_link,comments_disabled,ratings_disabled,description
26,title 37,publishedAt,channelId,channelTitle,44,2022-06-13T00:00:00Z,funny,4004,1170653,dislikes,comment_count,thumbnail_link,comments_disabled,ratings_disabled,description
51,title 38,publishedAt,channelId,channelTitle,44,2022-03-02T00:00:00Z,sad,3183,124305,dislikes,comment_count,thumbnail_link,comments_disabled,ratings_disabled,description
11,title 39,publishedAt,channelId,channelTitle,26,2022-07-20T00:00:00Z,reallyfunny,17214,2732282,dislikes,comment_count,thumbnail_link,comments_disabled,ratings_disabled,description
36,title 40,publishedAt,channelId,channelTitle,24,2022-02-08T00:00:00Z,funny,9063,1156997,dislikes,comment_count,thumbnail_link,comments_disabled,ratings_disabled,description
16,title 41,publishedAt,channelId,channelTitle,20,2022-03-31T00:00:00Z,sad,18035,2061816,dislikes,comment_count,thumbnail_link,comments_disabled,ratings_disabled,description
27,title 42,publishedAt,channelId,channelTitle,25,2022-09-30T00:00:00Z,funny,17786,3141971,dislikes,comment_count,thumbnail_link,comments_disabled,ratings_disabled,description
50,title 43,publishedAt,channelId,channelTitle,1,2022-08-29T00:00:00Z,sad,6165,1059734,dislikes,comment_count,thumbnail_link,comments_disabled,ratings_disabled,description
59,title 44,publishedAt,channelId,channelTitle,34,2022-01-09T00:00:00Z,reallyfunny,4239,297282,dislikes,comment_count,thumbnail_link,comments_disabled,ratings_disabled,description
32,title 45,publishedAt,channelId,channelTitle,42,2022-09-18T00:00:00Z,funny,1174,1779520,dislikes,comment_count,thumbnail_link,comments_disabled,ratings_disabled,description
4,title 46,publishedAt,channelId,channelTitle,40,2021-11-29T00:00:00Z,sad,19424,3826921,dislikes,comment_count,thumbnail_link,comments_disabled,ratings_disabled,description
22,title 47,publishedAt,channelId,channelTitle,34,2022-03-29T00:00:00Z,reallyfunny,11661,436154,dislikes,comment_count,thumbnail_link,comments_disabled,ratings_disabled,description
21,title 48,publishedAt,channelId,channelTitle,31,2022-01-28T00:00:00Z,sad,2656,3168010,dislikes,comment_count,thumbnail_link,comments_disabled,ratings_disabled,description
40,title 49,publishedAt,channelId,channelTitle,26,2022-10-05T00:00:00Z,sad,14472,3775486,dislikes,comment_count,thumbnail_link,comments_disabled,ratings_disabled,description
41,title 50,publishedAt,channelId,channelTitle,36,2022-03-28T00:00:00Z,sad,15937,1744433,dislikes,comment_count,thumbnail_link,comments_disabled,ratings_disabled,description
6,title 51,publishedAt,channelId,channelTitle,28,2022-09-24T00:00:00Z,reallyfunny,12210,1082188,dislikes,comment_count,thumbnail_link,comments_disabled,ratings_disabled,description
57,title 52,publishedAt,channelId,channelTitle,33,2021-11-29T00:00:00Z,reallyfunny,13672,2503207,dislikes,comment_count,thumbnail_link,comments_disabled,ratings_disabled,description
39,title 53,publishedAt,channelId,channelTitle,41,2022-05-06T00:00:00Z,reallyfunny,410,1580569,dislikes,comment_count,thumbnail_link,comments_disabled,ratings_disabled,description
50,title 54,publishedAt,channelId,channelTitle,20,2022-10-13T00:00:00Z,funny,16284,1655768,dislikes,comment_count,thumbnail_link,comments_disabled,ratings_disabled,description
49,title 55,publishedAt,channelId,channelTitle,35,2022-08-10T00:00:00Z,funny,11199,2859238,dislikes,comment_count,thumbnail_link,comments_disabled,ratings_disabled,description
21,title 56,publishedAt,channelId,channelTitle,35,2022-01-20T00:00:00Z,funny,12638,2899332,dislikes,comment_count,thumbnail_link,comments_disabled,ratings_disabled,description
20,title 57,publishedAt,channelId,channelTitle,42,2022-01-05T00:00:00Z,reallyfunny,19535,2918186,dislikes,comment_count,thumbnail_link,comments_disabled,ratings_disabled,description
39,title 58,publishedAt,channelId,channelTitle,15,2022-07-25T00:00:00Z,reallyfunny,8250,1595680,dislikes,comment_count,thumbnail_link,comments_disabled,ratings_disabled,description
47,title 59,publishedAt,channelId,channelTitle,19,2022-09-10T00:00:00Z,sad,5812,2636391,dislikes,comment_count,thumbnail_link,comments_disabled,ratings_disabled,description
2,title 60,publishedAt,channelId,channelTitle,34,2022-04-01T00:00:00Z,reallyfunny,12372,3415068,dislikes,comment_count,thumbnail_link,comments_disabled,ratings_disabled,description
34,title 61,publishedAt,channelId,channelTitle,44,2022-03-16T00:00:00Z,reallyfunny,4639,3206381,dislikes,comment_count,thumbnail_link,comments_disabled,ratings_disabled,description
42,title 62,publishedAt,channelId,channelTitle,25,2022-07-12T00:00:00Z,funny,1133,1489823,dislikes,comment_count,thumbnail_link,comments_disabled,ratings_disabled,description
38,title 63,publishedAt,channelId,channelTitle,15,2021-11-18T00:00:00Z,funny,473,369378,dislikes,comment_count,thumbnail_link,comments_disabled,ratings_disabled,description
31,title 64,publishedAt,channelId,channelTitle,20,2022-01-15T00:00:00Z,reallyfunny,15889,3503928,dislikes,comment_count,thumbnail_link,comments_disabled,ratings_disabled,description
38,title 65,publishedAt,channelId,channelTitle,22,2021-12-27T00:00:00Z,reallyfunny,5380,1103985,dislikes,comment_count,thumbnail_link,comments_disabled,ratings_disabled,description
37,title 66,publishedAt,channelId,channelTitle,21,2022-09-01T00:00:00Z,funny,11004,1195772,dislikes,comment_count,thumbnail_link,comments_disabled,ratings_disabled,description
0,title 67,publishedAt,channelId,channelTitle,26,2022-07-05T00:00:00Z,reallyfunny,6803,664013,dislikes,comment_count,thumbnail_link,comments_disabled,ratings_disabled,description
15,title 68,publishedAt,channelId,channelTitle,24,2022-02-24T00:00:00Z,reallyfunny,19133,2171387,dislikes,comment_count,thumbnail_link,comments_disabled,ratings_disabled,description
47,title 69,publishedAt,channelId,channelTitle,19,2022-04-17T00:00:00Z,reallyfunny,12107,852385,dislikes,comment_count,thumbnail_link,comments_disabled,ratings_disabled,description
54,title 70,publishedAt,channelId,channelTitle,2,2022-04-18T00:00:00Z,sad,6978,1443958,dislikes,comment_count,thumbnail_link,comments_disabled,ratings_disabled,description
48,title 71,publishedAt,channelId,channelTitle,39,2022-07-08T00:00:00Z,reallyfunny,9967,3824345,dislikes,comment_count,thumbnail_link,comments_disabled,ratings_disabled,description
4,title 72,publishedAt,channelId,channelTitle,40,2022-05-10T00:00:00Z,sad,16565,1136334,dislikes,comment_count,thumbnail_link,comments_disabled,ratings_disabled,description
31,title 73,publishedAt,channelId,channelTitle,24,2022-08-08T00:00:00Z,sad,9691,382430,dislikes,comment_count,thumbnail_link,comments_disabled,ratings_disabled,description
32,title 74,publishedAt,channelId,channelTitle,15,2022-10-25T00:00:00Z,funny,11104,2083991,dislikes,comment_count,thumbnail_link,comments_disabled,ratings_disabled,description
28,title 75,publishedAt,channelId,channelTitle,2,2022-01-12T00:00:00Z,reallyfunny,4395,3782503,dislikes,comment_count,thumbnail_link,comments_disabled,ratings_disabled,description
30,title 76,publishedAt,channelId,channelTitle,19,2021-12-10T00:00:00Z,reallyfunny,12844,952580,dislikes,comment_count,thumbnail_link,comments_disabled,ratings_disabled,description
24,title 77,publishedAt,channelId,channelTitle,31,2022-09-10T00:00:00Z,funny,3265,253521,dislikes,comment_count,thumbnail_link,comments_disabled,ratings_disabled,description
52,title 78,publishedAt,channelId,channelTitle,30,2022-10-14T00:00:00Z,sad,5468,2015438,dislikes,comment_count,thumbnail_link,comments_disabled,ratings_disabled,description
31,title 79,publishedAt,channelId,channelTitle,17,2022-03-25T00:00:00Z,reallyfunny,12089,1206261,dislikes,comment_count,thumbnail_link,comments_disabled,ratings_disabled,description
45,title 80,publishedAt,channelId,channelTitle,33,2022-02-08T00:00:00Z,funny,11707,2144790,dislikes,comment_count,thumbnail_link,comments_disabled,ratings_disabled,description
9,title 81,publishedAt,channelId,channelTitle,17,2022-03-25T00:00:00Z,sad,12023,680324,dislikes,comment_count,thumbnail_link,comments_disabled,ratings_disabled,description
1,title 82,publishedAt,channelId,channelTitle,18,2022-01-14T00:00:00Z,reallyfunny,19340,805558,dislikes,comment_count,thumbnail_link,comments_disabled,ratings_disabled,description
21,title 83,publishedAt,channelId,channelTitle,22,2022-09-15T00:00:00Z,funny,14273,2862132,dislikes,comment_count,thumbnail_link,comments_disabled,ratings_disabled,description
6,title 84,publishedAt,channelId,channelTitle,33,2022-08-05T00:00:00Z,funny,5430,2228394,dislikes,comment_count,thumbnail_link,comments_disabled,ratings_disabled,description
16,title 85,publishedAt,channelId,channelTitle,33,2022-01-24T00:00:00Z,sad,18613,16866,dislikes,comment_count,thumbnail_link,comments_disabled,ratings_disabled,description
43,title 86,publishedAt,channelId,channelTitle,10,2022-08-05T00:00:00Z,sad,6333,2986860,dislikes,comment_count,thumbnail_link,comments_disabled,ratings_disabled,description
50,title 87,publishedAt,channelId,channelTitle,18,2022-08-23T00:00:00Z,sad,10805,972642,dislikes,comment_count,thumbnail_link,comments_disabled,ratings_disabled,description
52,title 88,publishedAt,channelId,channelTitle,43,2022-09-04T00:00:00Z,reallyfunny,2567,412079,dislikes,comment_count,thumbnail_link,comments_disabled,ratings_disabled,description
32,title 89,publishedAt,channelId,channelTitle,23,2022-04-06T00:00:00Z,funny,13477,398709,dislikes,comment_count,thumbnail_link,comments_disabled,ratings_disabled,description
43,title 90,publishedAt,channelId,channelTitle,40,2022-02-23T00:00:00Z,sad,8616,1344820,dislikes,comment_count,thumbnail_link,comments_disabled,ratings_disabled,description
10,title 91,publishedAt,channelId,channelTitle,22,2022-01-26T00:00:00Z,funny,4132,2256769,dislikes,comment_count,thumbnail_link,comments_disabled,ratings_disabled,description
53,title 92,publishedAt,channelId,channelTitle,1,2022-03-08T00:00:00Z,funny,9547,3585629,dislikes,comment_count,thumbnail_link,comments_disabled,ratings_disabled,description
48,title 93,publishedAt,channelId,channelTitle,18,2021-12-25T00:00:00Z,funny,13670,880220,dislikes,comment_count,thumbnail_link,comments_disabled,ratings_disabled,description
19,title 94,publishedAt,channelId,channelTitle,19,2022-06-08T00:00:00Z,sad,2014,2481788,dislikes,comment_count,thumbnail_link,comments_disabled,ratings_disabled,description
8,title 95,publishedAt,channelId,channelTitle,2,2022-06-15T00:00:00Z,funny,1191,1440648,dislikes,comment_count,thumbnail_link,comments_disabled,ratings_disabled,description
1,title 96,publishedAt,channelId,channelTitle,40,2022-09-17T00:00:00Z,reallyfunny,3565,1108586,dislikes,comment_count,thumbnail_link,comments_disabled,ratings_disabled,description
45,title 97,publishedAt,channelId,channelTitle,19,2022-10-18T00:00:00Z,reallyfunny,4558,2764140,dislikes,comment_count,thumbnail_link,comments_disabled,ratings_disabled,description
29,title 98,publishedAt,channelId,channelTitle,23,2022-10-15T00:00:00Z,sad,12458,2942597,dislikes,comment_count,thumbnail_link,comments_disabled,ratings_disabled,description
22,title 99,publishedAt,channelId,channelTitle,27,2022-08-24T00:00:00Z,funny,7515,2147043,dislikes,comment_count,thumbnail_link,comments_disabled,ratings_disabled,description
55,title 100,publishedAt,channelId,channelTitle,38,2022-09-26T00:00:00Z,sad,11374,3707235,dislikes,comment_count,thumbnail_link,comments_disabled,ratings_disabled,description
53,title 101,publishedAt,channelId,channelTitle,31,2022-03-02T00:00:00Z,reallyfunny,17908,2939599,dislikes,comment_count,thumbnail_link,comments_disabled,ratings_disabled,description
35,title 102,publishedAt,channelId,channelTitle,34,2022-04-11T00:00:00Z,reallyfunny,15310,3841361,dislikes,comment_count,thumbnail_link,comments_disabled,ratings_disabled,description
31,title 103,publishedAt,channelId,channelTitle,40,2022-07-29T00:00:00Z,funny,838,2285496,dislikes,comment_count,thumbnail_link,comments_disabled,ratings_disabled,description
17,title 104,publishedAt,channelId,channelTitle,25,2022-07-17T00:00:00Z,reallyfunny,18831,987943,dislikes,comment_count,thumbnail_link,comments_disabled,ratings_disabled,description
12,title 105,publishedAt,channelId,channelTitle,30,2022-05-28T00:00:00Z,funny,1029,3102684,dislikes,comment_count,thumbnail_link,comments_disabled,ratings_disabled,description
54,title 106,publishedAt,channelId,channelTitle,24,2022-05-13T00:00:00Z,sad,14783,3257727,dislikes,comment_count,thumbnail_link,comments_disabled,ratings_disabled,description
26,title 107,publishedAt,channelId,channelTitle,41,2022-03-05T00:00:00Z,funny,2960,3782634,dislikes,comment_count,thumbnail_link,comments_disabled,ratings_disabled,description
4,title 108,publishedAt,channelId,channelTitle,40,2021-11-27T00:00:00Z,funny,5457,1812316,dislikes,comment_count,thumbnail_link,comments_disabled,ratings_disabled,description
49,title 109,publishedAt,channelId,channelTitle,18,2022-05-11T00:00:00Z,sad,10707,247593,dislikes,comment_count,thumbnail_link,comments_disabled,ratings_disabled,description
15,title 110,publishedAt,channelId,channelTitle,30,2022-08-28T00:00:00Z,sad,10963,3446237,dislikes,comment_count,thumbnail_link,comments_disabled,ratings_disabled,description
10,title 111,publishedAt,channelId,channelTitle,35,2022-10-24T00:00:00Z,sad,5991,1993868,dislikes,comment_count,thumbnail_link,comments_disabled,ratings_disabled,description
46,title 112,publishedAt,channelId,channelTitle,37,2022-04-06T00:00:00Z,sad,776,1114372,dislikes,comment_count,thumbnail_link,comments_disabled,ratings_disabled,description
12,title 113,publishedAt,channelId,channelTitle,37,2022-09-05T00:00:00Z,reallyfunny,5144,2560505,dislikes,comment_count,thumbnail_link,comments_disabled,ratings_disabled,description
33,title 114,publishedAt,channelId,channelTitle,36,2022-01-14T00:00:00Z,funny,3745,1362771,dislikes,comment_count,thumbnail_link,comments_disabled,ratings_disabled,description
27,title 115,publishedAt,channelId,channelTitle,27,2021-12-28T00:00:00Z,reallyfunny,11119,478063,dislikes,comment_count,thumbnail_link,comments_disabled,ratings_disabled,description
11,title 116,publishedAt,channelId,channelTitle,24,2022-08-26T00:00:00Z,reallyfunny,4191,636403,dislikes,comment_count,thumbnail_link,comments_disabled,ratings_disabled,description
34,title 117,publishedAt,channelId,channelTitle,39,2021-11-25T00:00:00Z,funny,16023,1864989,dislikes,comment_count,thumbnail_link,comments_disabled,ratings_disabled,description
51,title 118,publishedAt,channelId,channelTitle,44,2022-08-21T00:00:00Z,funny,12966,1791959,dislikes,comment_count,thumbnail_link,comments_disabled,ratings_disabled,description
38,title 119,publishedAt,channelId,channelTitle,40,2022-09-27T00:00:00Z,sad,6657,3339664,dislikes,comment_count,thumbnail_link,comments_disabled,ratings_disabled,description
58,title 120,publishedAt,channelId,channelTitle,32,2022-09-06T00:00:00Z,sad,2302,1026054,dislikes,comment_count,thumbnail_link,comments_disabled,ratings_disabled,description
30,title 121,publishedAt,channelId,channelTitle,15,2022-09-18T00:00:00Z,funny,8981,3833217,dislikes,comment_count,thumbnail_link,comments_disabled,ratings_disabled,description
57,title 122,publishedAt,channelId,channelTitle,36,2022-03-29T00:00:00Z,reallyfunny,3396,3516924,dislikes,comment_count,thumbnail_link,comments_disabled,ratings_disabled,description
7,title 123,publishedAt,channelId,channelTitle,17,2022-04-11T00:00:00Z,reallyfunny,3302,1386123,dislikes,comment_count,thumbnail_link,comments_disabled,ratings_disabled,description
39,title 124,publishedAt,channelId,channelTitle,39,2021-11-19T00:00:00Z,sad,3915,1523718,dislikes,comment_count,thumbnail_link,comments_disabled,ratings_disabled,description
59,title 125,publishedAt,channelId,channelTitle,43,2022-04-12T00:00:00Z,sad,17668,2610921,dislikes,comment_count,thumbnail_link,comments_disabled,ratings_disabled,description
55,title 126,publishedAt,channelId,channelTitle,43,2022-11-16T00:00:00Z,funny,18967,539331,dislikes,comment_count,thumbnail_link,comments_disabled,ratings_disabled,description
40,title 127,publishedAt,channelId,channelTitle,23,2022-09-21T00:00:00Z,funny,12238,3780245,dislikes,comment_count,thumbnail_link,comments_disabled,ratings_disabled,description
29,title 128,publishedAt,channelId,channelTitle,22,2022-10-06T00:00:00Z,funny,13819,1150927,dislikes,comment_count,thumbnail_link,comments_disabled,ratings_disabled,description
43,title 129,publishedAt,channelId,channelTitle,27,2022-06-04T00:00:00Z,sad,7471,2083225,dislikes,comment_count,thumbnail_link,comments_disabled,ratings_disabled,description
13,title 130,publishedAt,channelId,channelTitle,35,2022-03-03T00:00:00Z,sad,11583,2661636,dislikes,comment_count,thumbnail_link,comments_disabled,ratings_disabled,description
23,title 131,publishedAt,channelId,channelTitle,37,2022-05-13T00:00:00Z,funny,6628,2828331,dislikes,comment_count,thumbnail_link,comments_disabled,ratings_disabled,description
37,title 132,publishedAt,channelId,channelTitle,23,2022-05-24T00:00:00Z,funny,19307,1249100,dislikes,comment_count,thumbnail_link,comments_disabled,ratings_disabled,description
40,title 133,publishedAt,channelId,channelTitle,42,2022-10-06T00:00:00Z,sad,14486,575828,dislikes,comment_count,thumbnail_link,comments_disabled,ratings_disabled,description
4,title 134,publishedAt,channelId,channelTitle,20,2022-11-02T00:00:00Z,sad,10594,1365559,dislikes,comment_count,thumbnail_link,comments_disabled,ratings_disabled,description
58,title 135,publishedAt,channelId,channelTitle,1,2022-04-21T00:00:00Z,funny,18998,745668,dislikes,comment_count,thumbnail_link,comments_disabled,ratings_disabled,description
10,title 136,publishedAt,channelId,channelTitle,35,2022-06-17T00:00:00Z,reallyfunny,18026,1161564,dislikes,comment_count,thumbnail_link,comments_disabled,ratings_disabled,description
21,title 137,publishedAt,channelId,channelTitle,24,2022-10-04T00:00:00Z,funny,16654,2778739,dislikes,comment_count,thumbnail_link,comments_disabled,ratings_disabled,description
42,title 138,publishedAt,channelId,channelTitle,17,2022-03-02T00:00:00Z,funny,5481,3007054,dislikes,comment_count,thumbnail_link,comments_disabled,ratings_disabled,description
22,title 139,publishedAt,channelId,channelTitle,36,2022-04-05T00:00:00Z,sad,8852,482709,dislikes,comment_count,thumbnail_link,comments_disabled,ratings_disabled,description
50,title 140,publishedAt,channelId,channelTitle,42,2022-02-15T00:00:00Z,funny,1633,1436078,dislikes,comment_count,thumbnail_link,comments_disabled,ratings_disabled,description
51,title 141,publishedAt,channelId,channelTitle,40,2022-02-18T00:00:00Z,funny,2242,44644,dislikes,comment_count,thumbnail_link,comments_disabled,ratings_disabled,description
46,title 142,publishedAt,channelId,channelTitle,25,2022-02-25T00:00:00Z,reallyfunny,16206,2064848,dislikes,comment_count,thumbnail_link,comments_disabled,ratings_disabled,description
26,title 143,publishedAt,channelId,channelTitle,30,2021-12-12T00:00:00Z,sad,15252,3610415,dislikes,comment_count,thumbnail_link,comments_disabled,ratings_disabled,description
60,title 144,publishedAt,channelId,channelTitle,1,2022-09-28T00:00:00Z,sad,17474,716072,dislikes,comment_count,thumbnail_link,comments_disabled,ratings_disabled,description
5,title 145,publishedAt,channelId,channelTitle,21,2022-06-30T00:00:00Z,sad,16546,344097,dislikes,comment_count,thumbnail_link,comments_disabled,ratings_disabled,description
29,title 146,publishedAt,channelId,channelTitle,38,2022-09-17T00:00:00Z,funny,6709,1746120,dislikes,comment_count,thumbnail_link,comments_disabled,ratings_disabled,description
40,title 147,publishedAt,channelId,channelTitle,15,2022-04-09T00:00:00Z,reallyfunny,15140,522670,dislikes,comment_count,thumbnail_link,comments_disabled,ratings_disabled,description
53,title 148,publishedAt,channelId,channelTitle,31,2022-01-01T00:00:00Z,sad,374,3415260,dislikes,comment_count,thumbnail_link,comments_disabled,ratings_disabled,description
46,title 149,publishedAt,channelId,channelTitle,37,2021-12-27T00:00:00Z,reallyfunny,5084,3494606,dislikes,comment_count,thumbnail_link,comments_disabled,ratings_disabled,description
58,title 150,publishedAt,channelId,channelTitle,42,2022-08-10T00:00:00Z,sad,9498,1609187,dislikes,comment_count,thumbnail_link,comments_disabled,ratings_disabled,description
3,title 151,publishedAt,channelId,channelTitle,20,2022-11-05T00:00:00Z,funny,1228,1714561,dislikes,comment_count,thumbnail_link,comments_disabled,ratings_disabled,description
58,title 152,publishedAt,channelId,channelTitle,19,2022-06-17T00:00:00Z,sad,17172,2549552,dislikes,comment_count,thumbnail_link,comments_disabled,ratings_disabled,description
32,title 153,publishedAt,channelId,channelTitle,24,2022-08-03T00:00:00Z,reallyfunny,2281,1528441,dislikes,comment_count,thumbnail_link,comments_disabled,ratings_disabled,description
25,title 154,publishedAt,channelId,channelTitle,21,2022-02-17T00:00:00Z,sad,11176,847758,dislikes,comment_count,thumbnail_link,comments_disabled,ratings_disabled,description
53,title 155,publishedAt,channelId,channelTitle,22,2022-06-03T00:00:00Z,sad,11448,3869816,dislikes,comment_count,thumbnail_link,comments_disabled,ratings_disabled,description
12,title 156,publishedAt,channelId,channelTitle,27,2022-01-14T00:00:00Z,funny,1796,2910653,dislikes,comment_count,thumbnail_link,comments_disabled,ratings_disabled,description
6,title 157,publishedAt,channelId,channelTitle,19,2022-10-09T00:00:00Z,reallyfunny,4994,2851853,dislikes,comment_count,thumbnail_link,comments_disabled,ratings_disabled,description
19,title 158,publishedAt,channelId,channelTitle,33,2022-02-01T00:00:00Z,sad,15933,1775311,dislikes,comment_count,thumbnail_link,comments_disabled,ratings_disabled,description
19,title 159,publishedAt,channelId,channelTitle,24,2022-10-24T00:00:00Z,funny,7886,2026746,dislikes,comment_count,thumbnail_link,comments_disabled,ratings_disabled,description
29,title 160,publishedAt,channelId,channelTitle,15,2022-11-14T00:00:00Z,reallyfunny,18929,2184836,dislikes,comment_count,thumbnail_link,comments_disabled,ratings_disabled,description
42,title 161,publishedAt,channelId,channelTitle,37,2021-11-29T00:00:00Z,reallyfunny,8480,2573732,dislikes,comment_count,thumbnail_link,comments_disabled,ratings_disabled,description
27,title 162,publishedAt,channelId,channelTitle,22,2022-11-05T00:00:00Z,reallyfunny,3891,2591152,dislikes,comment_count,thumbnail_link,comments_disabled,ratings_disabled,description
47,title 163,publishedAt,channelId,channelTitle,37,2022-03-03T00:00:00Z,sad,3836,2681347,dislikes,comment_count,thumbnail_link,comments_disabled,ratings_disabled,description
44,title 164,publishedAt,channelId,channelTitle,24,2022-05-31T00:00:00Z,reallyfunny,12687,12551,dislikes,comment_count,thumbnail_link,comments_disabled,ratings_disabled,description
48,title 165,publishedAt,channelId,channelTitle,31,2022-04-02T00:00:00Z,sad,17888,1428208,dislikes,comment_count,thumbnail_link,comments_disabled,ratings_disabled,description
59,title 166,publishedAt,channelId,channelTitle,26,2022-06-13T00:00:00Z,funny,6293,168982,dislikes,comment_count,thumbnail_link,comments_disabled,ratings_disabled,description
42,title 167,publishedAt,channelId,channelTitle,1,2022-04-05T00:00:00Z,sad,12019,3137198,dislikes,comment_count,thumbnail_link,comments_disabled,ratings_disabled,description
1,title 168,publishedAt,channelId,channelTitle,26,2021-11-21T00:00:00Z,funny,4897,405521,dislikes,comment_count,thumbnail_link,comments_disabled,ratings_disabled,description
60,title 169,publishedAt,channelId,channelTitle,25,2022-10-05T00:00:00Z,funny,3422,2862475,dislikes,comment_count,thumbnail_link,comments_disabled,ratings_disabled,description
14,title 170,publishedAt,channelId,channelTitle,21,2022-04-05T00:00:00Z,sad,5189,1421314,dislikes,comment_count,thumbnail_link,comments_disabled,ratings_disabled,description
7,title 171,publishedAt,channelId,channelTitle,35,2022-09-01T00:00:00Z,funny,1452,3349366,dislikes,comment_count,thumbnail_link,comments_disabled,ratings_disabled,description
60,title 172,publishedAt,channelId,channelTitle,15,2021-12-10T00:00:00Z,sad,2529,1089274,dislikes,comment_count,thumbnail_link,comments_disabled,ratings_disabled,description
21,title 173,publishedAt,channelId,channelTitle,44,2022-10-07T00:00:00Z,sad,8073,3173255,dislikes,comment_count,thumbnail_link,comments_disabled,ratings_disabled,description
17,title 174,publishedAt,channelId,channelTitle,41,2022-10-15T00:00:00Z,reallyfunny,2910,3432398,dislikes,comment_count,thumbnail_link,comments_disabled,ratings_disabled,description
51,title 175,publishedAt,channelId,channelTitle,23,2022-01-26T00:00:00Z,sad,13237,2129449,dislikes,comment_count,thumbnail_link,comments_disabled,ratings_disabled,description
41,title 176,publishedAt,channelId,channelTitle,24,2022-09-21T00:00:00Z,funny,12082,490771,dislikes,comment_count,thumbnail_link,comments_disabled,ratings_disabled,description
50,title 177,publishedAt,channelId,channelTitle,39,2022-04-28T00:00:00Z,reallyfunny,15875,977119,dislikes,comment_count,thumbnail_link,comments_disabled,ratings_disabled,description
5,title 178,publishedAt,channelId,channelTitle,32,2022-07-21T00:00:00Z,sad,14811,1754995,dislikes,comment_count,thumbnail_link,comments_disabled,ratings_disabled,description
22,title 179,publishedAt,channelId,channelTitle,28,2022-02-05T00:00:00Z,funny,15779,3367493,dislikes,comment_count,thumbnail_link,comments_disabled,ratings_disabled,description
13,title 180,publishedAt,channelId,channelTitle,23,2021-11-17T00:00:00Z,sad,1476,834399,dislikes,comment_count,thumbnail_link,comments_disabled,ratings_disabled,description
31,title 181,publishedAt,channelId,channelTitle,23,2022-04-20T00:00:00Z,funny,1285,2482869,dislikes,comment_count,thumbnail_link,comments_disabled,ratings_disabled,description
6,title 182,publishedAt,channelId,channelTitle,27,2022-10-21T00:00:00Z,sad,19662,953814,dislikes,comment_count,thumbnail_link,comments_disabled,ratings_disabled,description
35,title 183,publishedAt,channelId,channelTitle,42,2022-05-10T00:00:00Z,sad,3068,1957895,dislikes,comment_count,thumbnail_link,comments_disabled,ratings_disabled,description
44,title 184,publishedAt,channelId,channelTitle,24,2022-08-14T00:00:00Z,sad,11615,1604961,dislikes,comment_count,thumbnail_link,comments_disabled,ratings_disabled,description
45,title 185,publishedAt,channelId,channelTitle,17,2022-05-12T00:00:00Z,funny,12845,395119,dislikes,comment_count,thumbnail_link,comments_disabled,ratings_disabled,description
45,title 186,publishedAt,channelId,channelTitle,2,2022-07-21T00:00:00Z,funny,14207,3523081,dislikes,comment_count,thumbnail_link,comments_disabled,ratings_disabled,description
43,title 187,publishedAt,channelId,channelTitle,28,2021-12-29T00:00:00Z,reallyfunny,1797,2772634,dislikes,comment_count,thumbnail_link,comments_disabled,ratings_disabled,description
34,title 188,publishedAt,channelId,channelTitle,43,2022-04-24T00:00:00Z,reallyfunny,3139,2298504,dislikes,comment_count,thumbnail_link,comments_disabled,ratings_disabled,description
32,title 189,publishedAt,channelId,channelTitle,2,2022-08-15T00:00:00Z,funny,1339,3206512,dislikes,comment_count,thumbnail_link,comments_disabled,ratings_disabled,description
52,title 190,publishedAt,channelId,channelTitle,20,2022-06-19T00:00:00Z,reallyfunny,14194,3182120,dislikes,comment_count,thumbnail_link,comments_disabled,ratings_disabled,description
15,title 191,publishedAt,channelId,channelTitle,28,2022-06-17T00:00:00Z,reallyfunny,12728,3272747,dislikes,comment_count,thumbnail_link,comments_disabled,ratings_disabled,description
42,title 192,publishedAt,channelId,channelTitle,17,2022-06-02T00:00:00Z,funny,18564,1325001,dislikes,comment_count,thumbnail_link,comments_disabled,ratings_disabled,description
8,title 193,publishedAt,channelId,channelTitle,26,2021-12-30T00:00:00Z,funny,12423,1582975,dislikes,comment_count,thumbnail_link,comments_disabled,ratings_disabled,description
21,title 194,publishedAt,channelId,channelTitle,15,2022-03-22T00:00:00Z,reallyfunny,11046,981768,dislikes,comment_count,thumbnail_link,comments_disabled,ratings_disabled,description
46,title 195,publishedAt,channelId,channelTitle,37,2022-01-21T00:00:00Z,reallyfunny,3288,3301060,dislikes,comment_count,thumbnail_link,comments_disabled,ratings_disabled,description
28,title 196,publishedAt,channelId,channelTitle,21,2021-11-20T00:00:00Z,funny,10146,3644763,dislikes,comment_count,thumbnail_link,comments_disabled,ratings_disabled,description
44,title 197,publishedAt,channelId,channelTitle,21,2021-12-14T00:00:00Z,reallyfunny,14947,212803,dislikes,comment_count,thumbnail_link,comments_disabled,ratings_disabled,description
11,title 198,publishedAt,channelId,channelTitle,42,2022-07-14T00:00:00Z,sad,13062,1206211,dislikes,comment_count,thumbnail_link,comments_disabled,ratings_disabled,description
48,title 199,publishedAt,channelId,channelTitle,17,2021-12-25T00:00:00Z,funny,5976,2613889,dislikes,comment_count,thumbnail_link,comments_disabled,ratings_disabled,description
37,title 200,publishedAt,channelId,channelTitle,30,2022-09-01T00:00:00Z,reallyfunny,14632,1679217,dislikes,comment_count,thumbnail_link,comments_disabled,ratings_disabled,description
43,title 201,publishedAt,channelId,channelTitle,30,2022-01-24T00:00:00Z,funny,15818,1360191,dislikes,comment_count,thumbnail_link,comments_disabled,ratings_disabled,description
9,title 202,publishedAt,channelId,channelTitle,35,2022-08-24T00:00:00Z,funny,17101,3048315,dislikes,comment_count,thumbnail_link,comments_disabled,ratings_disabled,description
57,title 203,publishedAt,channelId,channelTitle,43,2022-02-15T00:00:00Z,reallyfunny,11419,1669584,dislikes,comment_count,thumbnail_link,comments_disabled,ratings_disabled,description
23,title 204,publishedAt,channelId,channelTitle,30,2021-12-14T00:00:00Z,reallyfunny,17132,517178,dislikes,comment_count,thumbnail_link,comments_disabled,ratings_disabled,description
32,title 205,publishedAt,channelId,channelTitle,41,2021-11-25T00:00:00Z,sad,6967,227690,dislikes,comment_count,thumbnail_link,comments_disabled,ratings_disabled,description
2,title 206,publishedAt,channelId,channelTitle,10,2022-06-14T00:00:00Z,reallyfunny,5714,985336,dislikes,comment_count,thumbnail_link,comments_disabled,ratings_disabled,description
12,title 207,publishedAt,channelId,channelTitle,30,2022-01-12T00:00:00Z,reallyfunny,10667,2368938,dislikes,comment_count,thumbnail_link,comments_disabled,ratings_disabled,description
49,title 208,publishedAt,channelId,channelTitle,44,2022-09-02T00:00:00Z,sad,12598,1307983,dislikes,comment_count,thumbnail_link,comments_disabled,ratings_disabled,description
52,title 209,publishedAt,channelId,channelTitle,26,2022-03-09T00:00:00Z,sad,4295,192824,dislikes,comment_count,thumbnail_link,comments_disabled,ratings_disabled,description
25,title 210,publishedAt,channelId,channelTitle,21,2022-11-10T00:00:00Z,sad,8228,2606282,dislikes,comment_count,thumbnail_link,comments_disabled,ratings_disabled,description
38,title 211,publishedAt,channelId,channelTitle,21,2022-09-06T00:00:00Z,sad,607,2724272,dislikes,comment_count,thumbnail_link,comments_disabled,ratings_disabled,description
15,title 212,publishedAt,channelId,channelTitle,19,2022-03-25T00:00:00Z,reallyfunny,16587,1404099,dislikes,comment_count,thumbnail_link,comments_disabled,ratings_disabled,description
25,title 213,publishedAt,channelId,channelTitle,32,2022-09-15T00:00:00Z,reallyfunny,14595,668050,dislikes,comment_count,thumbnail_link,comments_disabled,ratings_disabled,description
8,title 214,publishedAt,channelId,channelTitle,38,2022-04-13T00:00:00Z,funny,793,2122622,dislikes,comment_count,thumbnail_link,comments_disabled,ratings_disabled,description
23,title 215,publishedAt,channelId,channelTitle,38,2022-02-06T00:00:00Z,funny,10167,329544,dislikes,comment_count,thumbnail_link,comments_disabled,ratings_disabled,description
43,title 216,publishedAt,channelId,channelTitle,15,2021-12-19T00:00:00Z,reallyfunny,10194,1683298,dislikes,comment_count,thumbnail_link,comments_disabled,ratings_disabled,description
55,title 217,publishedAt,channelId,channelTitle,40,2022-03-11T00:00:00Z,reallyfunny,1138,3643859,dislikes,comment_count,thumbnail_link,comments_disabled,ratings_disabled,description
4,title 218,publishedAt,channelId,channelTitle,28,2022-05-30T00:00:00Z,funny,3026,2948288,dislikes,comment_count,thumbnail_link,comments_disabled,ratings_disabled,description
15,title 219,publishedAt,channelId,channelTitle,17,2022-07-14T00:00:00Z,reallyfunny,14407,119625,dislikes,comment_count,thumbnail_link,comments_disabled,ratings_disabled,description
13,title 220,publishedAt,channelId,channelTitle,20,2021-12-27T00:00:00Z,sad,5689,3379700,dislikes,comment_count,thumbnail_link,comments_disabled,ratings_disabled,description
27,title 221,publishedAt,channelId,channelTitle,43,2021-12-04T00:00:00Z,reallyfunny,19999,3383422,dislikes,comment_count,thumbnail_link,comments_disabled,ratings_disabled,description
29,title 222,publishedAt,channelId,channelTitle,27,2022-03-17T00:00:00Z,reallyfunny,13272,1029084,dislikes,comment_count,thumbnail_link,comments_disabled,ratings_disabled,description
3,title 223,publishedAt,channelId,channelTitle,15,2022-10-09T00:00:00Z,reallyfunny,7840,1695028,dislikes,comment_count,thumbnail_link,comments_disabled,ratings_disabled,description
0,title 224,publishedAt,channelId,channelTitle,19,2022-06-27T00:00:00Z,reallyfunny,12212,1136772,dislikes,comment_count,thumbnail_link,comments_disabled,ratings_disabled,description
0,title 225,publishedAt,channelId,channelTitle,20,2022-05-17T00:00:00Z,sad,2395,376713,dislikes,comment_count,thumbnail_link,comments_disabled,ratings_disabled,description
50,title 226,publishedAt,channelId,channelTitle,39,2022-03-14T00:00:00Z,reallyfunny,3883,3013582,dislikes,comment_count,thumbnail_link,comments_disabled,ratings_disabled,description
3,title 227,publishedAt,channelId,channelTitle,37,2022-07-10T00:00:00Z,sad,5497,2136224,dislikes,comment_count,thumbnail_link,comments_disabled,ratings_disabled,description
26,title 228,publishedAt,channelId,channelTitle,20,2022-06-21T00:00:00Z,funny,16006,3143837,dislikes,comment_count,thumbnail_link,comments_disabled,ratings_disabled,description
3,title 229,publishedAt,channelId,channelTitle,27,2022-07-18T00:00:00Z,sad,13594,2909923,dislikes,comment_count,thumbnail_link,comments_disabled,ratings_disabled,description
45,title 230,publishedAt,channelId,channelTitle,38,2022-11-05T00:00:00Z,reallyfunny,70,2444134,dislikes,comment_count,thumbnail_link,comments_disabled,ratings_disabled,description
28,title 231,publishedAt,channelId,channelTitle,21,2021-12-10T00:00:00Z,reallyfunny,4532,2485645,dislikes,comment_count,thumbnail_link,comments_disabled,ratings_disabled,description
25,title 232,publishedAt,channelId,channelTitle,1,2022-08-26T00:00:00Z,funny,18319,2001847,dislikes,comment_count,thumbnail_link,comments_disabled,ratings_disabled,description
8,title 233,publishedAt,channelId,channelTitle,15,2022-01-15T00:00:00Z,funny,9,215239,dislikes,comment_count,thumbnail_link,comments_disabled,ratings_disabled,description
44,title 234,publishedAt,channelId,channelTitle,32,2022-01-02T00:00:00Z,sad,2264,2828818,dislikes,comment_count,thumbnail_link,comments_disabled,ratings_disabled,description
19,title 235,publishedAt,channelId,channelTitle,40,2022-03-30T00:00:00Z,sad,15514,3450926,dislikes,comment_count,thumbnail_link,comments_disabled,ratings_disabled,description
33,title 236,publishedAt,channelId,channelTitle,17,2022-08-17T00:00:00Z,sad,18556,1070099,dislikes,comment_count,thumbnail_link,comments_disabled,ratings_disabled,description
26,title 237,publishedAt,channelId,channelTitle,40,2022-04-16T00:00:00Z,reallyfunny,15237,1460814,dislikes,comment_count,thumbnail_link,comments_disabled,ratings_disabled,description
14,title 238,publishedAt,channelId,channelTitle,10,2022-10-31T00:00:00Z,sad,8456,601049,dislikes,comment_count,thumbnail_link,comments_disabled,ratings_disabled,description
49,title 239,publishedAt,channelId,channelTitle,2,2022-06-17T00:00:00Z,reallyfunny,6617,1507066,dislikes,comment_count,thumbnail_link,comments_disabled,ratings_disabled,description
60,title 240,publishedAt,channelId,channelTitle,31,2022-02-05T00:00:00Z,reallyfunny,11144,461731,dislikes,comment_count,thumbnail_link,comments_disabled,ratings_disabled,description
33,title 241,publishedAt,channelId,channelTitle,24,2022-11-09T00:00:00Z,funny,11636,3963956,dislikes,comment_count,thumbnail_link,comments_disabled,ratings_disabled,description
6,title 242,publishedAt,channelId,channelTitle,43,2022-11-15T00:00:00Z,funny,7513,1022758,dislikes,comment_count,thumbnail_link,comments_disabled,ratings_disabled,description
18,title 243,publishedAt,channelId,channelTitle,18,2022-08-14T00:00:00Z,funny,2392,610965,dislikes,comment_count,thumbnail_link,comments_disabled,ratings_disabled,description
49,title 244,publishedAt,channelId,channelTitle,33,2022-06-02T00:00:00Z,sad,13504,1278803,dislikes,comment_count,thumbnail_link,comments_disabled,ratings_disabled,description
30,title 245,publishedAt,channelId,channelTitle,10,2022-08-30T00:00:00Z,sad,15006,3417014,dislikes,comment_count,thumbnail_link,comments_disabled,ratings_disabled,description
22,title 246,publishedAt,channelId,channelTitle,1,2022-04-30T00:00:00Z,sad,4642,1830003,dislikes,comment_count,thumbnail_link,comments_disabled,ratings_disabled,description
11,title 247,publishedAt,channelId,channelTitle,33,2022-08-02T00:00:00Z,reallyfunny,3945,2028810,dislikes,comment_count,thumbnail_link,comments_disabled,ratings_disabled,description
23,title 248,publishedAt,channelId,channelTitle,20,2022-10-29T00:00:00Z,funny,759,2363438,dislikes,comment_count,thumbnail_link,comments_disabled,ratings_disabled,description
35,title 249,publishedAt,channelId,channelTitle,42,2022-08-29T00:00:00Z,funny,3495,162374,dislikes,comment_count,thumbnail_link,comments_disabled,ratings_disabled,description
3,title 250,publishedAt,channelId,channelTitle,24,2022-07-27T00:00:00Z,funny,11646,3135792,dislikes,comment_count,thumbnail_link,comments_disabled,ratings_disabled,description
48,title 251,publishedAt,channelId,channelTitle,10,2022-07-01T00:00:00Z,reallyfunny,16997,2600537,dislikes,comment_count,thumbnail_link,comments_disabled,ratings_disabled,description
60,title 252,publishedAt,channelId,channelTitle,24,2022-06-24T00:00:00Z,funny,9869,3593784,dislikes,comment_count,thumbnail_link,comments_disabled,ratings_disabled,description
43,title 253,publishedAt,channelId,channelTitle,32,2022-02-13T00:00:00Z,sad,9606,3655808,dislikes,comment_count,thumbnail_link,comments_disabled,ratings_disabled,description
54,title 254,publishedAt,channelId,channelTitle,21,2022-07-02T00:00:00Z,funny,43,2077796,dislikes,comment_count,thumbnail_link,comments_disabled,ratings_disabled,description
16,title 255,publishedAt,channelId,channelTitle,34,2022-01-24T00:00:00Z,sad,15231,918516,dislikes,comment_count,thumbnail_link,comments_disabled,ratings_disabled,description
58,title 256,publishedAt,channelId,channelTitle,1,2022-04-12T00:00:00Z,reallyfunny,11859,3847032,dislikes,comment_count,thumbnail_link,comments_disabled,ratings_disabled,description
7,title 257,publishedAt,channelId,channelTitle,33,2022-09-10T00:00:00Z,reallyfunny,12681,2291716,dislikes,comment_count,thumbnail_link,comments_disabled,ratings_disabled,description
34,title 258,publishedAt,channelId,channelTitle,42,2022-05-04T00:00:00Z,sad,17663,596979,dislikes,comment_count,thumbnail_link,comments_disabled,ratings_disabled,description
53,title 259,publishedAt,channelId,channelTitle,39,2022-06-10T00:00:00Z,sad,9596,1625437,dislikes,comment_count,thumbnail_link,comments_disabled,ratings_disabled,description
16,title 260,publishedAt,channelId,channelTitle,40,2021-12-09T00:00:00Z,funny,1232,88302,dislikes,comment_count,thumbnail_link,comments_disabled,ratings_disabled,description
18,title 261,publishedAt,channelId,channelTitle,33,2022-07-29T00:00:00Z,sad,630,2030766,dislikes,comment_count,thumbnail_link,comments_disabled,ratings_disabled,description
58,title 262,publishedAt,channelId,channelTitle,20,2022-05-26T00:00:00Z,funny,16748,2862167,dislikes,comment_count,thumbnail_link,comments_disabled,ratings_disabled,description
28,title 263,publishedAt,channelId,channelTitle,20,2022-01-21T00:00:00Z,reallyfunny,9626,3514057,dislikes,comment_count,thumbnail_link,comments_disabled,ratings_disabled,description
55,title 264,publishedAt,channelId,channelTitle,31,2022-07-05T00:00:00Z,reallyfunny,3641,310470,dislikes,comment_count,thumbnail_link,comments_disabled,ratings_disabled,description
1,title 265,publishedAt,channelId,channelTitle,23,2022-02-18T00:00:00Z,reallyfunny,10737,3055977,dislikes,comment_count,thumbnail_link,comments_disabled,ratings_disabled,description
58,title 266,publishedAt,channelId,channelTitle,23,2022-04-20T00:00:00Z,sad,7736,1018852,dislikes,comment_count,thumbnail_link,comments_disabled,ratings_disabled,description
25,title 267,publishedAt,channelId,channelTitle,20,2022-08-18T00:00:00Z,reallyfunny,5382,2609045,dislikes,comment_count,thumbnail_link,comments_disabled,ratings_disabled,description
44,title 268,publishedAt,channelId,channelTitle,30,2021-12-17T00:00:00Z,reallyfunny,518,106281,dislikes,comment_count,thumbnail_link,comments_disabled,ratings_disabled,description
18,title 269,publishedAt,channelId,channelTitle,38,2022-09-15T00:00:00Z,reallyfunny,16659,935536,dislikes,comment_count,thumbnail_link,comments_disabled,ratings_disabled,description
57,title 270,publishedAt,channelId,channelTitle,41,2022-05-15T00:00:00Z,funny,12352,704651,dislikes,comment_count,thumbnail_link,comments_disabled,ratings_disabled,description
17,title 271,publishedAt,channelId,channelTitle,10,2022-11-01T00:00:00Z,sad,13915,756563,dislikes,comment_count,thumbnail_link,comments_disabled,ratings_disabled,description
40,title 272,publishedAt,channelId,channelTitle,18,2022-03-10T00:00:00Z,funny,2638,1340676,dislikes,comment_count,thumbnail_link,comments_disabled,ratings_disabled,description
3,title 273,publishedAt,channelId,channelTitle,18,2022-02-28T00:00:00Z,sad,8115,712830,dislikes,comment_count,thumbnail_link,comments_disabled,ratings_disabled,description
30,title 274,publishedAt,channelId,channelTitle,31,2022-07-21T00:00:00Z,reallyfunny,19347,1339640,dislikes,comment_count,thumbnail_link,comments_disabled,ratings_disabled,description
7,title 275,publishedAt,channelId,channelTitle,25,2022-04-23T00:00:00Z,sad,15231,1692449,dislikes,comment_count,thumbnail_link,comments_disabled,ratings_disabled,description
3,title 276,publishedAt,channelId,channelTitle,33,2022-05-12T00:00:00Z,reallyfunny,1115,2452615,dislikes,comment_count,thumbnail_link,comments_disabled,ratings_disabled,description
16,title 277,publishedAt,channelId,channelTitle,2,2021-12-25T00:00:00Z,reallyfunny,7797,1958553,dislikes,comment_count,thumbnail_link,comments_disabled,ratings_disabled,description
24,title 278,publishedAt,channelId,channelTitle,26,2022-03-19T00:00:00Z,funny,10157,661372,dislikes,comment_count,thumbnail_link,comments_disabled,ratings_disabled,description
25,title 279,publishedAt,channelId,channelTitle,24,2022-06-21T00:00:00Z,sad,9451,871077,dislikes,comment_count,thumbnail_link,comments_disabled,ratings_disabled,description
16,title 280,publishedAt,channelId,channelTitle,31,2022-07-14T00:00:00Z,funny,3034,3327968,dislikes,comment_count,thumbnail_link,comments_disabled,ratings_disabled,description
4,title 281,publishedAt,channelId,channelTitle,38,2022-08-04T00:00:00Z,funny,9404,2554194,dislikes,comment_count,thumbnail_link,comments_disabled,ratings_disabled,description
48,title 282,publishedAt,channelId,channelTitle,28,2022-09-17T00:00:00Z,sad,9781,2123186,dislikes,comment_count,thumbnail_link,comments_disabled,ratings_disabled,description
57,title 283,publishedAt,channelId,channelTitle,25,2022-05-18T00:00:00Z,funny,18004,1571999,dislikes,comment_count,thumbnail_link,comments_disabled,ratings_disabled,description
58,title 284,publishedAt,channelId,channelTitle,19,2022-05-26T00:00:00Z,sad,5463,919021,dislikes,comment_count,thumbnail_link,comments_disabled,ratings_disabled,description
28,title 285,publishedAt,channelId,channelTitle,38,2022-03-29T00:00:00Z,funny,13915,3196780,dislikes,comment_count,thumbnail_link,comments_disabled,ratings_disabled,description
21,title 286,publishedAt,channelId,channelTitle,22,2022-05-22T00:00:00Z,funny,11667,975132,dislikes,comment_count,thumbnail_link,comments_disabled,ratings_disabled,description
12,title 287,publishedAt,channelId,channelTitle,35,2022-04-22T00:00:00Z,sad,15237,2859680,dislikes,comment_count,thumbnail_link,comments_disabled,ratings_disabled,description
35,title 288,publishedAt,channelId,channelTitle,36,2022-06-16T00:00:00Z,reallyfunny,18790,214227,dislikes,comment_count,thumbnail_link,comments_disabled,ratings_disabled,description
24,title 289,publishedAt,channelId,channelTitle,40,2022-04-19T00:00:00Z,funny,14862,848837,dislikes,comment_count,thumbnail_link,comments_disabled,ratings_disabled,description
7,title 290,publishedAt,channelId,channelTitle,2,2022-07-20T00:00:00Z,sad,19714,2043887,dislikes,comment_count,thumbnail_link,comments_disabled,ratings_disabled,description
50,title 291,publishedAt,channelId,channelTitle,22,2022-08-15T00:00:00Z,sad,2506,767780,dislikes,comment_count,thumbnail_link,comments_disabled,ratings_disabled,description
6,title 292,publishedAt,channelId,channelTitle,42,2022-08-15T00:00:00Z,funny,19276,848293,dislikes,comment_count,thumbnail_link,comments_disabled,ratings_disabled,description
41,title 293,publishedAt,channelId,channelTitle,34,2022-11-07T00:00:00Z,sad,9579,1313210,dislikes,comment_count,thumbnail_link,comments_disabled,ratings_disabled,description
57,title 294,publishedAt,channelId,channelTitle,23,2022-01-14T00:00:00Z,funny,4283,1499442,dislikes,comment_count,thumbnail_link,comments_disabled,ratings_disabled,description
22,title 295,publishedAt,channelId,channelTitle,19,2022-11-08T00:00:00Z,funny,16980,3042946,dislikes,comment_count,thumbnail_link,comments_disabled,ratings_disabled,description
54,title 296,publishedAt,channelId,channelTitle,22,2022-02-19T00:00:00Z,sad,12871,1018697,dislikes,comment_count,thumbnail_link,comments_disabled,ratings_disabled,description
5,title 297,publishedAt,channelId,channelTitle,25,2022-10-24T00:00:00Z,sad,10293,1905211,dislikes,comment_count,thumbnail_link,comments_disabled,ratings_disabled,description
19,title 298,publishedAt,channelId,channelTitle,33,2022-02-12T00:00:00Z,sad,598,3891941,dislikes,comment_count,thumbnail_link,comments_disabled,ratings_disabled,description
46,title 299,publishedAt,channelId,channelTitle,1,2022-09-28T00:00:00Z,reallyfunny,3410,3583782,dislikes,comment_count,thumbnail_link,comments_disabled,ratings_disabled,description
20,title 300,publishedAt,channelId,channelTitle,41,2022-09-27T00:00:00Z,reallyfunny,16475,2502040,dislikes,comment_count,thumbnail_link,comments_disabled,ratings_disabled,description
26,title 301,publishedAt,channelId,channelTitle,28,2022-08-17T00:00:00Z,funny,4166,1824783,dislikes,comment_count,thumbnail_link,comments_disabled,ratings_disabled,description
4,title 302,publishedAt,channelId,channelTitle,30,2022-03-24T00:00:00Z,sad,18862,607260,dislikes,comment_count,thumbnail_link,comments_disabled,ratings_disabled,description
27,title 303,publishedAt,channelId,channelTitle,20,2022-11-16T00:00:00Z,sad,12076,567164,dislikes,comment_count,thumbnail_link,comments_disabled,ratings_disabled,description
26,title 304,publishedAt,channelId,channelTitle,37,2022-07-08T00:00:00Z,reallyfunny,779,3015770,dislikes,comment_count,thumbnail_link,comments_disabled,ratings_disabled,description
30,title 305,publishedAt,channelId,channelTitle,20,2021-12-27T00:00:00Z,funny,18048,2659264,dislikes,comment_count,thumbnail_link,comments_disabled,ratings_disabled,description
44,title 306,publishedAt,channelId,channelTitle,15,2022-10-16T00:00:00Z,reallyfunny,18117,2696637,dislikes,comment_count,thumbnail_link,comments_disabled,ratings_disabled,description
43,title 307,publishedAt,channelId,channelTitle,37,2022-07-01T00:00:00Z,reallyfunny,10163,1347602,dislikes,comment_count,thumbnail_link,comments_disabled,ratings_disabled,description
36,title 308,publishedAt,channelId,channelTitle,30,2022-03-06T00:00:00Z,sad,10776,1478840,dislikes,comment_count,thumbnail_link,comments_disabled,ratings_disabled,description
36,title 309,publishedAt,channelId,channelTitle,26,2022-11-06T00:00:00Z,reallyfunny,5210,1108140,dislikes,comment_count,thumbnail_link,comments_disabled,ratings_disabled,description
28,title 310,publishedAt,channelId,channelTitle,25,2022-11-15T00:00:00Z,sad,7405,2732698,dislikes,comment_count,thumbnail_link,comments_disabled,ratings_disabled,description
48,title 311,publishedAt,channelId,channelTitle,37,2022-02-18T00:00:00Z,reallyfunny,3255,3363422,dislikes,comment_count,thumbnail_link,comments_disabled,ratings_disabled,description
48,title 312,publishedAt,channelId,channelTitle,22,2021-12-13T00:00:00Z,sad,275,2861844,dislikes,comment_count,thumbnail_link,comments_disabled,ratings_disabled,description
16,title 313,publishedAt,channelId,channelTitle,1,2022-04-07T00:00:00Z,funny,1681,2597887,dislikes,comment_count,thumbnail_link,comments_disabled,ratings_disabled,description
41,title 314,publishedAt,channelId,channelTitle,32,2022-04-08T00:00:00Z,sad,11789,1142701,dislikes,comment_count,thumbnail_link,comments_disabled,ratings_disabled,description
14,title 315,publishedAt,channelId,channelTitle,43,2022-09-10T00:00:00Z,sad,18037,976942,dislikes,comment_count,thumbnail_link,comments_disabled,ratings_disabled,description
48,title 316,publishedAt,channelId,channelTitle,40,2022-05-29T00:00:00Z,sad,11254,458793,dislikes,comment_count,thumbnail_link,comments_disabled,ratings_disabled,description
54,title 317,publishedAt,channelId,channelTitle,41,2022-08-21T00:00:00Z,funny,5446,93957,dislikes,comment_count,thumbnail_link,comments_disabled,ratings_disabled,description
43,title 318,publishedAt,channelId,channelTitle,40,2022-04-09T00:00:00Z,funny,2068,2463105,dislikes,comment_count,thumbnail_link,comments_disabled,ratings_disabled,description
46,title 319,publishedAt,channelId,channelTitle,24,2022-10-04T00:00:00Z,funny,13982,3663669,dislikes,comment_count,thumbnail_link,comments_disabled,ratings_disabled,description
54,title 320,publishedAt,channelId,channelTitle,41,2022-08-24T00:00:00Z,funny,13867,1537190,dislikes,comment_count,thumbnail_link,comments_disabled,ratings_disabled,description
10,title 321,publishedAt,channelId,channelTitle,37,2022-05-08T00:00:00Z,funny,19787,2021244,dislikes,comment_count,thumbnail_link,comments_disabled,ratings_disabled,description
46,title 322,publishedAt,channelId,channelTitle,30,2022-04-09T00:00:00Z,sad,9247,1695007,dislikes,comment_count,thumbnail_link,comments_disabled,ratings_disabled,description
33,title 323,publishedAt,channelId,channelTitle,23,2021-11-19T00:00:00Z,reallyfunny,1264,843064,dislikes,comment_count,thumbnail_link,comments_disabled,ratings_disabled,description
26,title 324,publishedAt,channelId,channelTitle,34,2022-10-16T00:00:00Z,sad,7548,419181,dislikes,comment_count,thumbnail_link,comments_disabled,ratings_disabled,description
57,title 325,publishedAt,channelId,channelTitle,30,2021-11-19T00:00:00Z,reallyfunny,6345,1141041,dislikes,comment_count,thumbnail_link,comments_disabled,ratings_disabled,description
17,title 326,publishedAt,channelId,channelTitle,1,2022-04-03T00:00:00Z,sad,3103,2592873,dislikes,comment_count,thumbnail_link,comments_disabled,ratings_disabled,description
11,title 327,publishedAt,channelId,channelTitle,26,2022-10-29T00:00:00Z,sad,13491,1516878,dislikes,comment_count,thumbnail_link,comments_disabled,ratings_disabled,description
11,title 328,publishedAt,channelId,channelTitle,1,2021-12-09T00:00:00Z,funny,4442,1535001,dislikes,comment_count,thumbnail_link,comments_disabled,ratings_disabled,description
0,title 329,publishedAt,channelId,channelTitle,30,2022-07-05T00:00:00Z,funny,9672,2920596,dislikes,comment_count,thumbnail_link,comments_disabled,ratings_disabled,description
51,title 330,publishedAt,channelId,channelTitle,41,2022-10-02T00:00:00Z,sad,10615,3191487,dislikes,comment_count,thumbnail_link,comments_disabled,ratings_disabled,description
18,title 331,publishedAt,channelId,channelTitle,35,2021-12-06T00:00:00Z,funny,4703,772823,dislikes,comment_count,thumbnail_link,comments_disabled,ratings_disabled,description
40,title 332,publishedAt,channelId,channelTitle,33,2021-11-24T00:00:00Z,funny,13933,1981702,dislikes,comment_count,thumbnail_link,comments_disabled,ratings_disabled,description
9,title 333,publishedAt,channelId,channelTitle,39,2022-11-05T00:00:00Z,sad,16919,3610427,dislikes,comment_count,thumbnail_link,comments_disabled,ratings_disabled,description
28,title 334,publishedAt,channelId,channelTitle,31,2022-04-01T00:00:00Z,sad,4370,3499515,dislikes,comment_count,thumbnail_link,comments_disabled,ratings_disabled,description
37,title 335,publishedAt,channelId,channelTitle,41,2022-03-26T00:00:00Z,sad,46,522283,dislikes,comment_count,thumbnail_link,comments_disabled,ratings_disabled,description
43,title 336,publishedAt,channelId,channelTitle,43,2022-11-13T00:00:00Z,sad,2027,3620012,dislikes,comment_count,thumbnail_link,comments_disabled,ratings_disabled,description
56,title 337,publishedAt,channelId,channelTitle,19,2022-04-13T00:00:00Z,sad,7481,224858,dislikes,comment_count,thumbnail_link,comments_disabled,ratings_disabled,description
54,title 338,publishedAt,channelId,channelTitle,40,2022-08-22T00:00:00Z,reallyfunny,19928,1200626,dislikes,comment_count,thumbnail_link,comments_disabled,ratings_disabled,description
29,title 339,publishedAt,channelId,channelTitle,43,2022-07-01T00:00:00Z,reallyfunny,3396,2712087,dislikes,comment_count,thumbnail_link,comments_disabled,ratings_disabled,description
2,title 340,publishedAt,channelId,channelTitle,18,2022-08-10T00:00:00Z,sad,5904,1838609,dislikes,comment_count,thumbnail_link,comments_disabled,ratings_disabled,description
38,title 341,publishedAt,channelId,channelTitle,17,2022-01-06T00:00:00Z,reallyfunny,3486,2263503,dislikes,comment_count,thumbnail_link,comments_disabled,ratings_disabled,description
10,title 342,publishedAt,channelId,channelTitle,35,2022-06-05T00:00:00Z,funny,16769,2868462,dislikes,comment_count,thumbnail_link,comments_disabled,ratings_disabled,description
59,title 343,publishedAt,channelId,channelTitle,2,2022-04-14T00:00:00Z,sad,11636,1564873,dislikes,comment_count,thumbnail_link,comments_disabled,ratings_disabled,description
56,title 344,publishedAt,channelId,channelTitle,35,2022-05-09T00:00:00Z,reallyfunny,13597,3854495,dislikes,comment_count,thumbnail_link,comments_disabled,ratings_disabled,description
2,title 345,publishedAt,channelId,channelTitle,2,2022-09-05T00:00:00Z,funny,3446,524863,dislikes,comment_count,thumbnail_link,comments_disabled,ratings_disabled,description
57,title 346,publishedAt,channelId,channelTitle,40,2022-07-24T00:00:00Z,funny,16855,2796510,dislikes,comment_count,thumbnail_link,comments_disabled,ratings_disabled,description
31,title 347,publishedAt,channelId,channelTitle,27,2022-09-25T00:00:00Z,sad,7360,145831,dislikes,comment_count,thumbnail_link,comments_disabled,ratings_disabled,description
33,title 348,publishedAt,channelId,channelTitle,39,2022-02-24T00:00:00Z,funny,7048,1937039,dislikes,comment_count,thumbnail_link,comments_disabled,ratings_disabled,description
49,title 349,publishedAt,channelId,channelTitle,43,2022-02-21T00:00:00Z,sad,1073,2370143,dislikes,comment_count,thumbnail_link,comments_disabled,ratings_disabled,description
16,title 350,publishedAt,channelId,channelTitle,20,2021-12-01T00:00:00Z,sad,15561,2180753,dislikes,comment_count,thumbnail_link,comments_disabled,ratings_disabled,description
59,title 351,publishedAt,channelId,channelTitle,27,2022-02-24T00:00:00Z,funny,18756,3071551,dislikes,comment_count,thumbnail_link,comments_disabled,ratings_disabled,description
6,title 352,publishedAt,channelId,channelTitle,26,2022-04-08T00:00:00Z,funny,13596,1436568,dislikes,comment_count,thumbnail_link,comments_disabled,ratings_disabled,description
49,title 353,publishedAt,channelId,channelTitle,27,2022-11-17T00:00:00Z,funny,14513,3087579,dislikes,comment_count,thumbnail_link,comments_disabled,ratings_disabled,description
30,title 354,publishedAt,channelId,channelTitle,33,2022-02-25T00:00:00Z,reallyfunny,9480,911625,dislikes,comment_count,thumbnail_link,comments_disabled,ratings_disabled,description
4,title 355,publishedAt,channelId,channelTitle,33,2022-01-06T00:00:00Z,sad,7933,3334832,dislikes,comment_count,thumbnail_link,comments_disabled,ratings_disabled,description
33,title 356,publishedAt,channelId,channelTitle,28,2021-11-17T00:00:00Z,reallyfunny,9034,414024,dislikes,comment_count,thumbnail_link,comments_disabled,ratings_disabled,description
8,title 357,publishedAt,channelId,channelTitle,20,2022-06-21T00:00:00Z,reallyfunny,13629,2278445,dislikes,comment_count,thumbnail_link,comments_disabled,ratings_disabled,description
38,title 358,publishedAt,channelId,channelTitle,32,2022-05-18T00:00:00Z,reallyfunny,19662,1945838,dislikes,comment_count,thumbnail_link,comments_disabled,ratings_disabled,description
53,title 359,publishedAt,channelId,channelTitle,36,2022-05-04T00:00:00Z,reallyfunny,3828,829609,dislikes,comment_count,thumbnail_link,comments_disabled,ratings_disabled,description
52,title 360,publishedAt,channelId,channelTitle,18,2022-02-26T00:00:00Z,reallyfunny,1120,2612637,dislikes,comment_count,thumbnail_link,comments_disabled,ratings_disabled,description
42,title 361,publishedAt,channelId,channelTitle,36,2021-12-16T00:00:00Z,funny,14307,3367880,dislikes,comment_count,thumbnail_link,comments_disabled,ratings_disabled,description
14,title 362,publishedAt,channelId,channelTitle,27,2021-11-23T00:00:00Z,reallyfunny,9712,3595172,dislikes,comment_count,thumbnail_link,comments_disabled,ratings_disabled,description
59,title 363,publishedAt,channelId,channelTitle,15,2022-04-14T00:00:00Z,funny,1021,1822111,dislikes,comment_count,thumbnail_link,comments_disabled,ratings_disabled,description
0,title 364,publishedAt,channelId,channelTitle,18,2022-05-21T00:00:00Z,reallyfunny,732,1251979,dislikes,comment_count,thumbnail_link,comments_disabled,ratings_disabled,description
41,title 365,publishedAt,channelId,channelTitle,34,2022-04-28T00:00:00Z,funny,15163,413986,dislikes,comment_count,thumbnail_link,comments_disabled,ratings_disabled,description
12,title 366,publishedAt,channelId,channelTitle,40,2022-09-27T00:00:00Z,sad,16812,2334888,dislikes,comment_count,thumbnail_link,comments_disabled,ratings_disabled,description
41,title 367,publishedAt,channelId,channelTitle,2,2022-04-30T00:00:00Z,sad,14148,1692019,dislikes,comment_count,thumbnail_link,comments_disabled,ratings_disabled,description
27,title 368,publishedAt,channelId,channelTitle,30,2022-08-09T00:00:00Z,sad,13003,1719086,dislikes,comment_count,thumbnail_link,comments_disabled,ratings_disabled,description
59,title 369,publishedAt,channelId,channelTitle,27,2022-07-24T00:00:00Z,reallyfunny,9838,3491929,dislikes,comment_count,thumbnail_link,comments_disabled,ratings_disabled,description
2,title 370,publishedAt,channelId,channelTitle,22,2022-06-15T00:00:00Z,funny,12960,2023235,dislikes,comment_count,thumbnail_link,comments_disabled,ratings_disabled,description
29,title 371,publishedAt,channelId,channelTitle,34,2022-09-23T00:00:00Z,funny,16395,3179839,dislikes,comment_count,thumbnail_link,comments_disabled,ratings_disabled,description
60,title 372,publishedAt,channelId,channelTitle,1,2021-12-26T00:00:00Z,reallyfunny,14097,1074641,dislikes,comment_count,thumbnail_link,comments_disabled,ratings_disabled,description
9,title 373,publishedAt,channelId,channelTitle,26,2022-06-15T00:00:00Z,reallyfunny,5796,3507050,dislikes,comment_count,thumbnail_link,comments_disabled,ratings_disabled,description
38,title 374,publishedAt,channelId,channelTitle,19,2022-03-01T00:00:00Z,funny,7940,1374054,dislikes,comment_count,thumbnail_link,comments_disabled,ratings_disabled,description
25,title 375,publishedAt,channelId,channelTitle,19,2022-04-01T00:00:00Z,reallyfunny,13615,1367333,dislikes,comment_count,thumbnail_link,comments_disabled,ratings_disabled,description
26,title 376,publishedAt,channelId,channelTitle,15,2022-08-16T00:00:00Z,sad,19642,3945476,dislikes,comment_count,thumbnail_link,comments_disabled,ratings_disabled,description
43,title 377,publishedAt,channelId,channelTitle,32,2021-12-28T00:00:00Z,sad,16143,2406919,dislikes,comment_count,thumbnail_link,comments_disabled,ratings_disabled,description
15,title 378,publishedAt,channelId,channelTitle,27,2022-02-18T00:00:00Z,sad,12457,3165423,dislikes,comment_count,thumbnail_link,comments_disabled,ratings_disabled,description
52,title 379,publishedAt,channelId,channelTitle,25,2021-12-03T00:00:00Z,sad,8729,3425348,dislikes,comment_count,thumbnail_link,comments_disabled,ratings_disabled,description
54,title 380,publishedAt,channelId,channelTitle,28,2022-08-07T00:00:00Z,funny,6185,1832412,dislikes,comment_count,thumbnail_link,comments_disabled,ratings_disabled,description
49,title 381,publishedAt,channelId,channelTitle,1,2022-09-05T00:00:00Z,reallyfunny,11190,1534503,dislikes,comment_count,thumbnail_link,comments_disabled,ratings_disabled,description
21,title 382,publishedAt,channelId,channelTitle,44,2022-01-27T00:00:00Z,funny,18496,2865211,dislikes,comment_count,thumbnail_link,comments_disabled,ratings_disabled,description
42,title 383,publishedAt,channelId,channelTitle,27,2022-09-22T00:00:00Z,reallyfunny,9041,544828,dislikes,comment_count,thumbnail_link,comments_disabled,ratings_disabled,description
52,title 384,publishedAt,channelId,channelTitle,1,2022-03-31T00:00:00Z,funny,2479,3530063,dislikes,comment_count,thumbnail_link,comments_disabled,ratings_disabled,description
14,title 385,publishedAt,channelId,channelTitle,35,2022-09-24T00:00:00Z,sad,2701,857747,dislikes,comment_count,thumbnail_link,comments_disabled,ratings_disabled,description
21,title 386,publishedAt,channelId,channelTitle,22,2022-04-09T00:00:00Z,sad,1159,2199232,dislikes,comment_count,thumbnail_link,comments_disabled,ratings_disabled,description
0,title 387,publishedAt,channelId,channelTitle,19,2022-11-16T00:00:00Z,reallyfunny,16182,2018717,dislikes,comment_count,thumbnail_link,comments_disabled,ratings_disabled,description
60,title 388,publishedAt,channelId,channelTitle,39,2022-04-23T00:00:00Z,sad,3037,1594580,dislikes,comment_count,thumbnail_link,comments_disabled,ratings_disabled,description
29,title 389,publishedAt,channelId,channelTitle,1,2022-03-21T00:00:00Z,funny,11835,50006,dislikes,comment_count,thumbnail_link,comments_disabled,ratings_disabled,description
7,title 390,publishedAt,channelId,channelTitle,23,2022-06-10T00:00:00Z,sad,14706,296208,dislikes,comment_count,thumbnail_link,comments_disabled,ratings_disabled,description
41,title 391,publishedAt,channelId,channelTitle,2,2022-03-06T00:00:00Z,sad,15126,2722840,dislikes,comment_count,thumbnail_link,comments_disabled,ratings_disabled,description
50,title 392,publishedAt,channelId,channelTitle,36,2022-02-02T00:00:00Z,reallyfunny,14807,2015715,dislikes,comment_count,thumbnail_link,comments_disabled,ratings_disabled,description
6,title 393,publishedAt,channelId,channelTitle,38,2022-08-30T00:00:00Z,funny,7509,332497,dislikes,comment_count,thumbnail_link,comments_disabled,ratings_disabled,description
23,title 394,publishedAt,channelId,channelTitle,36,2022-06-30T00:00:00Z,reallyfunny,17542,3265040,dislikes,comment_count,thumbnail_link,comments_disabled,ratings_disabled,description
19,title 395,publishedAt,channelId,channelTitle,23,2022-04-12T00:00:00Z,funny,9137,3603399,dislikes,comment_count,thumbnail_link,comments_disabled,ratings_disabled,description
13,title 396,publishedAt,channelId,channelTitle,10,2022-10-12T00:00:00Z,reallyfunny,2835,1523768,dislikes,comment_count,thumbnail_link,comments_disabled,ratings_disabled,description
35,title 397,publishedAt,channelId,channelTitle,10,2022-01-30T00:00:00Z,sad,11562,605229,dislikes,comment_count,thumbnail_link,comments_disabled,ratings_disabled,description
30,title 398,publishedAt,channelId,channelTitle,31,2022-10-21T00:00:00Z,funny,10263,1893867,dislikes,comment_count,thumbnail_link,comments_disabled,ratings_disabled,description
17,title 399,publishedAt,channelId,channelTitle,25,2022-03-22T00:00:00Z,sad,17755,1357120,dislikes,comment_count,thumbnail_link,comments_disabled,ratings_disabled,description
6,title 400,publishedAt,channelId,channelTitle,15,2022-07-12T00:00:00Z,reallyfunny,7237,3806227,dislikes,comment_count,thumbnail_link,comments_disabled,ratings_disabled,description
49,title 401,publishedAt,channelId,channelTitle,2,2022-08-20T00:00:00Z,funny,15439,3813470,dislikes,comment_count,thumbnail_link,comments_disabled,ratings_disabled,description
3,title 402,publishedAt,channelId,channelTitle,1,2022-05-18T00:00:00Z,sad,14281,328417,dislikes,comment_count,thumbnail_link,comments_disabled,ratings_disabled,description
35,title 403,publishedAt,channelId,channelTitle,40,2022-07-10T00:00:00Z,funny,6838,884529,dislikes,comment_count,thumbnail_link,comments_disabled,ratings_disabled,description
50,title 404,publishedAt,channelId,channelTitle,38,2022-03-02T00:00:00Z,sad,8860,2138772,dislikes,comment_count,thumbnail_link,comments_disabled,ratings_disabled,description
36,title 405,publishedAt,channelId,channelTitle,2,2022-09-10T00:00:00Z,funny,8510,722357,dislikes,comment_count,thumbnail_link,comments_disabled,ratings_disabled,description
33,title 406,publishedAt,channelId,channelTitle,33,2022-06-23T00:00:00Z,reallyfunny,274,2036433,dislikes,comment_count,thumbnail_link,comments_disabled,ratings_disabled,description
27,title 407,publishedAt,channelId,channelTitle,41,2022-07-08T00:00:00Z,sad,16038,2638834,dislikes,comment_count,thumbnail_link,comments_disabled,ratings_disabled,description
41,title 408,publishedAt,channelId,channelTitle,19,2021-12-14T00:00:00Z,reallyfunny,10045,3331636,dislikes,comment_count,thumbnail_link,comments_disabled,ratings_disabled,description
47,title 409,publishedAt,channelId,channelTitle,2,2022-05-15T00:00:00Z,sad,15913,700070,dislikes,comment_count,thumbnail_link,comments_disabled,ratings_disabled,description
43,title 410,publishedAt,channelId,channelTitle,30,2022-05-30T00:00:00Z,sad,2332,1156095,dislikes,comment_count,thumbnail_link,comments_disabled,ratings_disabled,description
54,title 411,publishedAt,channelId,channelTitle,42,2022-03-20T00:00:00Z,funny,3907,2066772,dislikes,comment_count,thumbnail_link,comments_disabled,ratings_disabled,description
5,title 412,publishedAt,channelId,channelTitle,28,2022-07-15T00:00:00Z,sad,5126,142244,dislikes,comment_count,thumbnail_link,comments_disabled,ratings_disabled,description
49,title 413,publishedAt,channelId,channelTitle,25,2022-07-19T00:00:00Z,reallyfunny,174,2877766,dislikes,comment_count,thumbnail_link,comments_disabled,ratings_disabled,description
37,title 414,publishedAt,channelId,channelTitle,21,2022-11-08T00:00:00Z,funny,14161,2831888,dislikes,comment_count,thumbnail_link,comments_disabled,ratings_disabled,description
56,title 415,publishedAt,channelId,channelTitle,19,2022-06-06T00:00:00Z,funny,2550,3785961,dislikes,comment_count,thumbnail_link,comments_disabled,ratings_disabled,description
40,title 416,publishedAt,channelId,channelTitle,31,2022-02-02T00:00:00Z,sad,3855,3233440,dislikes,comment_count,thumbnail_link,comments_disabled,ratings_disabled,description
17,title 417,publishedAt,channelId,channelTitle,43,2022-11-11T00:00:00Z,sad,14352,1335015,dislikes,comment_count,thumbnail_link,comments_disabled,ratings_disabled,description
28,title 418,publishedAt,channelId,channelTitle,44,2022-09-21T00:00:00Z,funny,5836,559147,dislikes,comment_count,thumbnail_link,comments_disabled,ratings_disabled,description
9,title 419,publishedAt,channelId,channelTitle,19,2021-11-19T00:00:00Z,reallyfunny,19927,956173,dislikes,comment_count,thumbnail_link,comments_disabled,ratings_disabled,description
46,title 420,publishedAt,channelId,channelTitle,36,2022-10-10T00:00:00Z,sad,6843,1191294,dislikes,comment_count,thumbnail_link,comments_disabled,ratings_disabled,description
25,title 421,publishedAt,channelId,channelTitle,35,2022-02-08T00:00:00Z,funny,13513,2423648,dislikes,comment_count,thumbnail_link,comments_disabled,ratings_disabled,description
27,title 422,publishedAt,channelId,channelTitle,35,2022-07-08T00:00:00Z,reallyfunny,6369,1906182,dislikes,comment_count,thumbnail_link,comments_disabled,ratings_disabled,description
0,title 423,publishedAt,channelId,channelTitle,43,2022-05-25T00:00:00Z,sad,3450,1215813,dislikes,comment_count,thumbnail_link,comments_disabled,ratings_disabled,description
10,title 424,publishedAt,channelId,channelTitle,39,2021-12-01T00:00:00Z,sad,17601,3763989,dislikes,comment_count,thumbnail_link,comments_disabled,ratings_disabled,description
36,title 425,publishedAt,channelId,channelTitle,17,2022-05-28T00:00:00Z,sad,15992,227898,dislikes,comment_count,thumbnail_link,comments_disabled,ratings_disabled,description
43,title 426,publishedAt,channelId,channelTitle,27,2022-09-02T00:00:00Z,reallyfunny,5163,370166,dislikes,comment_count,thumbnail_link,comments_disabled,ratings_disabled,description
25,title 427,publishedAt,channelId,channelTitle,31,2021-12-18T00:00:00Z,sad,10032,3537800,dislikes,comment_count,thumbnail_link,comments_disabled,ratings_disabled,description
50,title 428,publishedAt,channelId,channelTitle,1,2022-01-12T00:00:00Z,funny,15760,3650766,dislikes,comment_count,thumbnail_link,comments_disabled,ratings_disabled,description
43,title 429,publishedAt,channelId,channelTitle,31,2022-08-20T00:00:00Z,funny,11350,2889733,dislikes,comment_count,thumbnail_link,comments_disabled,ratings_disabled,description
52,title 430,publishedAt,channelId,channelTitle,40,2022-10-02T00:00:00Z,reallyfunny,3924,2742802,dislikes,comment_count,thumbnail_link,comments_disabled,ratings_disabled,description
21,title 431,publishedAt,channelId,channelTitle,36,2022-11-11T00:00:00Z,reallyfunny,12329,2658942,dislikes,comment_count,thumbnail_link,comments_disabled,ratings_disabled,description
8,title 432,publishedAt,channelId,channelTitle,36,2022-09-10T00:00:00Z,funny,19722,1144953,dislikes,comment_count,thumbnail_link,comments_disabled,ratings_disabled,description
27,title 433,publishedAt,channelId,channelTitle,41,2022-11-13T00:00:00Z,reallyfunny,18803,559491,dislikes,comment_count,thumbnail_link,comments_disabled,ratings_disabled,description
24,title 434,publishedAt,channelId,channelTitle,20,2022-01-24T00:00:00Z,funny,2701,988787,dislikes,comment_count,thumbnail_link,comments_disabled,ratings_disabled,description
37,title 435,publishedAt,channelId,channelTitle,32,2022-01-22T00:00:00Z,funny,5470,1828802,dislikes,comment_count,thumbnail_link,comments_disabled,ratings_disabled,description
1,title 436,publishedAt,channelId,channelTitle,15,2022-03-27T00:00:00Z,reallyfunny,9267,1005948,dislikes,comment_count,thumbnail_link,comments_disabled,ratings_disabled,description
8,title 437,publishedAt,channelId,channelTitle,40,2022-01-02T00:00:00Z,funny,10425,2413300,dislikes,comment_count,thumbnail_link,comments_disabled,ratings_disabled,description
8,title 438,publishedAt,channelId,channelTitle,40,2021-11-21T00:00:00Z,funny,8142,2659786,dislikes,comment_count,thumbnail_link,comments_disabled,ratings_disabled,description
15,title 439,publishedAt,channelId,channelTitle,31,2022-01-15T00:00:00Z,sad,19642,2274801,dislikes,comment_count,thumbnail_link,comments_disabled,ratings_disabled,description
55,title 440,publishedAt,channelId,channelTitle,32,2022-09-25T00:00:00Z,sad,16173,2731386,dislikes,comment_count,thumbnail_link,comments_disabled,ratings_disabled,description
15,title 441,publishedAt,channelId,channelTitle,36,2022-09-10T00:00:00Z,sad,19062,3844319,dislikes,comment_count,thumbnail_link,comments_disabled,ratings_disabled,description
18,title 442,publishedAt,channelId,channelTitle,42,2022-02-23T00:00:00Z,reallyfunny,18902,236386,dislikes,comment_count,thumbnail_link,comments_disabled,ratings_disabled,description
34,title 443,publishedAt,channelId,channelTitle,44,2022-02-09T00:00:00Z,sad,7132,3437905,dislikes,comment_count,thumbnail_link,comments_disabled,ratings_disabled,description
13,title 444,publishedAt,channelId,channelTitle,27,2022-01-16T00:00:00Z,reallyfunny,3138,3927163,dislikes,comment_count,thumbnail_link,comments_disabled,ratings_disabled,description
31,title 445,publishedAt,channelId,channelTitle,40,2021-12-31T00:00:00Z,funny,9593,3671759,dislikes,comment_count,thumbnail_link,comments_disabled,ratings_disabled,description
40,title 446,publishedAt,channelId,channelTitle,30,2022-01-20T00:00:00Z,funny,3397,2061929,dislikes,comment_count,thumbnail_link,comments_disabled,ratings_disabled,description
37,title 447,publishedAt,channelId,channelTitle,41,2021-11-21T00:00:00Z,sad,18545,1538823,dislikes,comment_count,thumbnail_link,comments_disabled,ratings_disabled,description
8,title 448,publishedAt,channelId,channelTitle,43,2022-04-02T00:00:00Z,funny,17407,3026090,dislikes,comment_count,thumbnail_link,comments_disabled,ratings_disabled,description
0,title 449,publishedAt,channelId,channelTitle,37,2022-07-02T00:00:00Z,funny,12054,2574106,dislikes,comment_count,thumbnail_link,comments_disabled,ratings_disabled,description
3,title 450,publishedAt,channelId,channelTitle,33,2022-04-02T00:00:00Z,sad,6491,2691237,dislikes,comment_count,thumbnail_link,comments_disabled,ratings_disabled,description
12,title 451,publishedAt,channelId,channelTitle,39,2022-07-04T00:00:00Z,reallyfunny,4007,2460056,dislikes,comment_count,thumbnail_link,comments_disabled,ratings_disabled,description
35,title 452,publishedAt,channelId,channelTitle,40,2022-03-13T00:00:00Z,funny,6179,606373,dislikes,comment_count,thumbnail_link,comments_disabled,ratings_disabled,description
46,title 453,publishedAt,channelId,channelTitle,35,2022-10-15T00:00:00Z,sad,16726,610001,dislikes,comment_count,thumbnail_link,comments_disabled,ratings_disabled,description
34,title 454,publishedAt,channelId,channelTitle,38,2021-12-20T00:00:00Z,sad,14558,971993,dislikes,comment_count,thumbnail_link,comments_disabled,ratings_disabled,description
22,title 455,publishedAt,channelId,channelTitle,21,2022-10-29T00:00:00Z,sad,3959,2078691,dislikes,comment_count,thumbnail_link,comments_disabled,ratings_disabled,description
19,title 456,publishedAt,channelId,channelTitle,1,2022-02-03T00:00:00Z,reallyfunny,19406,977494,dislikes,comment_count,thumbnail_link,comments_disabled,ratings_disabled,description
2,title 457,publishedAt,channelId,channelTitle,36,2022-06-24T00:00:00Z,funny,9032,994100,dislikes,comment_count,thumbnail_link,comments_disabled,ratings_disabled,description
18,title 458,publishedAt,channelId,channelTitle,21,2022-01-25T00:00:00Z,reallyfunny,7517,938474,dislikes,comment_count,thumbnail_link,comments_disabled,ratings_disabled,description
11,title 459,publishedAt,channelId,channelTitle,22,2022-05-15T00:00:00Z,sad,16305,3233308,dislikes,comment_count,thumbnail_link,comments_disabled,ratings_disabled,description
5,title 460,publishedAt,channelId,channelTitle,38,2022-02-09T00:00:00Z,reallyfunny,7399,356896,dislikes,comment_count,thumbnail_link,comments_disabled,ratings_disabled,description
45,title 461,publishedAt,channelId,channelTitle,23,2022-02-20T00:00:00Z,funny,4943,442075,dislikes,comment_count,thumbnail_link,comments_disabled,ratings_disabled,description
58,title 462,publishedAt,channelId,channelTitle,33,2022-06-06T00:00:00Z,funny,1428,2027170,dislikes,comment_count,thumbnail_link,comments_disabled,ratings_disabled,description
60,title 463,publishedAt,channelId,channelTitle,38,2022-09-06T00:00:00Z,sad,4481,3154832,dislikes,comment_count,thumbnail_link,comments_disabled,ratings_disabled,description
7,title 464,publishedAt,channelId,channelTitle,1,2022-08-14T00:00:00Z,reallyfunny,14379,1566961,dislikes,comment_count,thumbnail_link,comments_disabled,ratings_disabled,description
15,title 465,publishedAt,channelId,channelTitle,2,2021-12-18T00:00:00Z,sad,3727,2808667,dislikes,comment_count,thumbnail_link,comments_disabled,ratings_disabled,description
18,title 466,publishedAt,channelId,channelTitle,40,2022-06-26T00:00:00Z,funny,12469,2972275,dislikes,comment_count,thumbnail_link,comments_disabled,ratings_disabled,description
38,title 467,publishedAt,channelId,channelTitle,22,2022-07-15T00:00:00Z,sad,16782,1879571,dislikes,comment_count,thumbnail_link,comments_disabled,ratings_disabled,description
35,title 468,publishedAt,channelId,channelTitle,23,2021-12-02T00:00:00Z,funny,12321,509311,dislikes,comment_count,thumbnail_link,comments_disabled,ratings_disabled,description
52,title 469,publishedAt,channelId,channelTitle,20,2022-08-06T00:00:00Z,reallyfunny,16303,1725342,dislikes,comment_count,thumbnail_link,comments_disabled,ratings_disabled,description
6,title 470,publishedAt,channelId,channelTitle,19,2021-11-30T00:00:00Z,reallyfunny,16730,2284584,dislikes,comment_count,thumbnail_link,comments_disabled,ratings_disabled,description
43,title 471,publishedAt,channelId,channelTitle,22,2022-03-19T00:00:00Z,funny,5173,521495,dislikes,comment_count,thumbnail_link,comments_disabled,ratings_disabled,description
32,title 472,publishedAt,channelId,channelTitle,17,2022-02-02T00:00:00Z,sad,6033,3124114,dislikes,comment_count,thumbnail_link,comments_disabled,ratings_disabled,description
57,title 473,publishedAt,channelId,channelTitle,42,2022-04-01T00:00:00Z,sad,5430,1280467,dislikes,comment_count,thumbnail_link,comments_disabled,ratings_disabled,description
4,title 474,publishedAt,channelId,channelTitle,20,2022-03-17T00:00:00Z,sad,16342,2128122,dislikes,comment_count,thumbnail_link,comments_disabled,ratings_disabled,description
29,title 475,publishedAt,channelId,channelTitle,32,2022-02-08T00:00:00Z,sad,9428,2273009,dislikes,comment_count,thumbnail_link,comments_disabled,ratings_disabled,description
0,title 476,publishedAt,channelId,channelTitle,44,2022-03-30T00:00:00Z,funny,6863,2383345,dislikes,comment_count,thumbnail_link,comments_disabled,ratings_disabled,description
21,title 477,publishedAt,channelId,channelTitle,15,2021-12-16T00:00:00Z,sad,2577,395238,dislikes,comment_count,thumbnail_link,comments_disabled,ratings_disabled,description
2,title 478,publishedAt,channelId,channelTitle,30,2021-12-05T00:00:00Z,sad,6764,2690757,dislikes,comment_count,thumbnail_link,comments_disabled,ratings_disabled,description
39,title 479,publishedAt,channelId,channelTitle,22,2022-07-22T00:00:00Z,funny,5619,2027325,dislikes,comment_count,thumbnail_link,comments_disabled,ratings_disabled,description
4,title 480,publishedAt,channelId,channelTitle,36,2022-06-10T00:00:00Z,funny,13502,2857309,dislikes,comment_count,thumbnail_link,comments_disabled,ratings_disabled,description
9,title 481,publishedAt,channelId,channelTitle,18,2022-06-04T00:00:00Z,sad,16382,2298441,dislikes,comment_count,thumbnail_link,comments_disabled,ratings_disabled,description
13,title 482,publishedAt,channelId,channelTitle,32,2022-01-24T00:00:00Z,reallyfunny,7130,3552964,dislikes,comment_count,thumbnail_link,comments_disabled,ratings_disabled,description
29,title 483,publishedAt,channelId,channelTitle,24,2022-04-25T00:00:00Z,sad,5565,3428633,dislikes,comment_count,thumbnail_link,comments_disabled,ratings_disabled,description
35,title 484,publishedAt,channelId,channelTitle,37,2022-10-12T00:00:00Z,funny,17244,266532,dislikes,comment_count,thumbnail_link,comments_disabled,ratings_disabled,description
27,title 485,publishedAt,channelId,channelTitle,43,2022-10-27T00:00:00Z,sad,11619,733813,dislikes,comment_count,thumbnail_link,comments_disabled,ratings_disabled,description
13,title 486,publishedAt,channelId,channelTitle,31,2022-04-03T00:00:00Z,reallyfunny,549,3861993,dislikes,comment_count,thumbnail_link,comments_disabled,ratings_disabled,description
12,title 487,publishedAt,channelId,channelTitle,21,2022-06-06T00:00:00Z,sad,12675,536389,dislikes,comment_count,thumbnail_link,comments_disabled,ratings_disabled,description
7,title 488,publishedAt,channelId,channelTitle,22,2022-03-02T00:00:00Z,sad,13092,1233487,dislikes,comment_count,thumbnail_link,comments_disabled,ratings_disabled,description
45,title 489,publishedAt,channelId,channelTitle,37,2022-08-23T00:00:00Z,funny,13869,2705590,dislikes,comment_count,thumbnail_link,comments_disabled,ratings_disabled,description
58,title 490,publishedAt,channelId,channelTitle,24,2022-06-02T00:00:00Z,sad,5476,1963274,dislikes,comment_count,thumbnail_link,comments_disabled,ratings_disabled,description
26,title 491,publishedAt,channelId,channelTitle,27,2022-04-28T00:00:00Z,sad,12586,862203,dislikes,comment_count,thumbnail_link,comments_disabled,ratings_disabled,description
45,title 492,publishedAt,channelId,channelTitle,15,2021-12-13T00:00:00Z,funny,4011,1261632,dislikes,comment_count,thumbnail_link,comments_disabled,ratings_disabled,description
8,title 493,publishedAt,channelId,channelTitle,17,2021-12-19T00:00:00Z,funny,11132,2702681,dislikes,comment_count,thumbnail_link,comments_disabled,ratings_disabled,description
10,title 494,publishedAt,channelId,channelTitle,15,2022-06-06T00:00:00Z,funny,522,2388676,dislikes,comment_count,thumbnail_link,comments_disabled,ratings_disabled,description
38,title 495,publishedAt,channelId,channelTitle,41,2022-03-22T00:00:00Z,reallyfunny,2807,1410774,dislikes,comment_count,thumbnail_link,comments_disabled,ratings_disabled,description
29,title 496,publishedAt,channelId,channelTitle,15,2022-08-19T00:00:00Z,reallyfunny,3175,607302,dislikes,comment_count,thumbnail_link,comments_disabled,ratings_disabled,description
51,title 497,publishedAt,channelId,channelTitle,2,2021-11-30T00:00:00Z,sad,1434,3429692,dislikes,comment_count,thumbnail_link,comments_disabled,ratings_disabled,description
33,title 498,publishedAt,channelId,channelTitle,15,2022-03-01T00:00:00Z,sad,8886,28792,dislikes,comment_count,thumbnail_link,comments_disabled,ratings_disabled,description
21,title 499,publishedAt,channelId,channelTitle,43,2022-05-04T00:00:00Z,funny,11954,1319271,dislikes,comment_count,thumbnail_link,comments_disabled,ratings_disabled,description
